<PackageItem xmlns:tcm="http://www.tridion.com/ContentManager/5.0" xmlns:xlink="http://www.w3.org/1999/xlink" xmlns="http://www.sdltridion.com/ContentManager/ImportExport/Package/2013">
  <Data>
    <tcm:Data>
      <tcm:Title>Latest News Application</tcm:Title>
      <tcm:Type>Normal</tcm:Type>
      <tcm:Schema xlink:type="simple" xlink:title="newslist" xlink:href="/webdav/Dynamic%20Delivery%20Example%20Site/Building%20Blocks/System/Schemas/Application/newslist.xsd" IsMandatory="false" />
      <tcm:Content>
        <Content xmlns="uuid:22989106-046d-44ee-b8e6-dec93510c500">
          <title>Latest news</title>
        </Content>
      </tcm:Content>
      <tcm:Metadata />
      <tcm:IsBasedOnTridionWebSchema>true</tcm:IsBasedOnTridionWebSchema>
      <tcm:MultimediaType xlink:type="simple" xlink:title="" xlink:href="tcm:0-0-0" />
    </tcm:Data>
  </Data>
  <Dependencies>
    <Dependency dependencyType="Publication" itemUrl="/webdav/Dynamic%20Delivery%20Example%20Site" linkName="LocationInfo/ContextRepository" />
    <Dependency dependencyType="OrganizationalItemFolder" itemUrl="/webdav/Dynamic%20Delivery%20Example%20Site/Building%20Blocks/Content" linkName="LocationInfo/OrganizationalItem" />
    <Dependency dependencyType="Schema" itemUrl="/webdav/Dynamic%20Delivery%20Example%20Site/Building%20Blocks/System/Schemas/Application/newslist.xsd" linkName="Schema" />
  </Dependencies>
</PackageItem>