<PackageItem xmlns:tcm="http://www.tridion.com/ContentManager/5.0" xmlns:xlink="http://www.w3.org/1999/xlink" xmlns="http://www.sdltridion.com/ContentManager/ImportExport/Package/2013">
  <Data>
    <tcm:Data>
      <tcm:Title>Homepage article</tcm:Title>
      <tcm:Type>Normal</tcm:Type>
      <tcm:Schema xlink:type="simple" xlink:title="Article" xlink:href="/webdav/Dynamic%20Delivery%20Example%20Site/Building%20Blocks/System/Schemas/Content/Article.xsd" IsMandatory="false" />
      <tcm:Content>
        <Content xmlns="uuid:755bc2b9-999f-44f4-a8d4-316dfa3621de">
          <title>Welcome to your first Dynamic Delivery website</title>
          <introduction>Using dynamic delivery, you will be able to create dynamic, spring-based websites.</introduction>
          <paragraph>
            <p xmlns="http://www.w3.org/1999/xhtml">Yeah!
<br /><br />
Link to <a xmlns:xlink="http://www.w3.org/1999/xlink" xlink:href="/webdav/Dynamic%20Delivery%20Example%20Site/Building%20Blocks/Content/Dynamic%20Delivery%20released.xml" title="Dynamic Delivery released" xlink:title="Dynamic Delivery released">newsitem</a>.
<br /></p>
            <p xmlns="http://www.w3.org/1999/xhtml">And an image too:
<br /><a xmlns:xlink="http://www.w3.org/1999/xlink" xlink:href="/webdav/Dynamic%20Delivery%20Example%20Site/Building%20Blocks/Content/Keyboard%20cross%20processed.jpg" title="Keyboard cross processed" xlink:title="Keyboard cross processed" /></p>
            <p xmlns="http://www.w3.org/1999/xhtml">
              <a xmlns:xlink="http://www.w3.org/1999/xlink" xlink:href="/webdav/Dynamic%20Delivery%20Example%20Site/Building%20Blocks/Content/Keyboard%20cross%20processed.jpg" title="Keyboard cross processed" xlink:title="Keyboard cross processed" />
              <a xmlns:xlink="http://www.w3.org/1999/xlink" xlink:href="/webdav/Dynamic%20Delivery%20Example%20Site/Building%20Blocks/Content/Keyboard%20cross%20processed.jpg" title="Keyboard cross processed" xlink:title="Keyboard cross processed">
                <img style="width: 100px; height: 100px;" alt="Keyboard cross processed" title="Keyboard cross processed" xlink:href="/webdav/Dynamic%20Delivery%20Example%20Site/Building%20Blocks/Content/Keyboard%20cross%20processed.jpg" xlink:title="Keyboard cross processed" />
              </a>
            </p>
          </paragraph>
        </Content>
      </tcm:Content>
      <tcm:Metadata />
      <tcm:IsBasedOnTridionWebSchema>true</tcm:IsBasedOnTridionWebSchema>
      <tcm:MultimediaType xlink:type="simple" xlink:title="" xlink:href="tcm:0-0-0" />
    </tcm:Data>
  </Data>
  <Dependencies>
    <Dependency dependencyType="Publication" itemUrl="/webdav/Dynamic%20Delivery%20Example%20Site" linkName="LocationInfo/ContextRepository" />
    <Dependency dependencyType="OrganizationalItemFolder" itemUrl="/webdav/Dynamic%20Delivery%20Example%20Site/Building%20Blocks/Content" linkName="LocationInfo/OrganizationalItem" />
    <Dependency dependencyType="LinkedComponent" itemUrl="/webdav/Dynamic%20Delivery%20Example%20Site/Building%20Blocks/Content/Dynamic%20Delivery%20released.xml" linkName="Content" xpath="*[local-name() = 'Content'][1]/*[local-name() = 'paragraph'][1]/*[local-name() = 'p'][1]/*[local-name() = 'a'][1]/@xlink:href" />
    <Dependency dependencyType="LinkedComponent" itemUrl="/webdav/Dynamic%20Delivery%20Example%20Site/Building%20Blocks/Content/Keyboard%20cross%20processed.jpg" linkName="Content" xpath="*[local-name() = 'Content'][1]/*[local-name() = 'paragraph'][1]/*[local-name() = 'p'][2]/*[local-name() = 'a'][1]/@xlink:href" />
    <Dependency dependencyType="LinkedComponent" itemUrl="/webdav/Dynamic%20Delivery%20Example%20Site/Building%20Blocks/Content/Keyboard%20cross%20processed.jpg" linkName="Content" xpath="*[local-name() = 'Content'][1]/*[local-name() = 'paragraph'][1]/*[local-name() = 'p'][3]/*[local-name() = 'a'][1]/@xlink:href" />
    <Dependency dependencyType="LinkedComponent" itemUrl="/webdav/Dynamic%20Delivery%20Example%20Site/Building%20Blocks/Content/Keyboard%20cross%20processed.jpg" linkName="Content" xpath="*[local-name() = 'Content'][1]/*[local-name() = 'paragraph'][1]/*[local-name() = 'p'][3]/*[local-name() = 'a'][2]/@xlink:href" />
    <Dependency dependencyType="LinkedComponent" itemUrl="/webdav/Dynamic%20Delivery%20Example%20Site/Building%20Blocks/Content/Keyboard%20cross%20processed.jpg" linkName="Content" xpath="*[local-name() = 'Content'][1]/*[local-name() = 'paragraph'][1]/*[local-name() = 'p'][3]/*[local-name() = 'a'][2]/*[local-name() = 'img'][1]/@xlink:href" />
    <Dependency dependencyType="Schema" itemUrl="/webdav/Dynamic%20Delivery%20Example%20Site/Building%20Blocks/System/Schemas/Content/Article.xsd" linkName="Schema" />
  </Dependencies>
</PackageItem>