<PackageItem xmlns:tcm="http://www.tridion.com/ContentManager/5.0" xmlns:xlink="http://www.w3.org/1999/xlink" xmlns="http://www.sdltridion.com/ContentManager/ImportExport/Package/2013">
  <Data>
    <tcm:Data>
      <tcm:Title>Quickstart for DD4T updated</tcm:Title>
      <tcm:Type>Normal</tcm:Type>
      <tcm:Schema xlink:type="simple" xlink:title="News" xlink:href="/webdav/Dynamic%20Delivery%20Example%20Site/Building%20Blocks/System/Schemas/Content/News.xsd" IsMandatory="false" />
      <tcm:Content>
        <Content xmlns="uuid:e805fbeb-6e65-4d2e-83f4-03feeb5164fa">
          <title>Quickstart for DD4T updated</title>
          <image xmlns:xlink="http://www.w3.org/1999/xlink" xlink:type="simple" xlink:href="/webdav/Dynamic%20Delivery%20Example%20Site/Building%20Blocks/Content/Keyboard%20cross%20processed.jpg" xlink:title="Keyboard cross processed" />
          <paragraph>
            <p xmlns="http://www.w3.org/1999/xhtml">Just before the 2013 release, the Java version of DD4T has been updated and cleaned up to support all SDL Tridion 2011 versions (GA, HR1, Sp1 and Sp1-hr1). </p>
          </paragraph>
          <related xmlns:xlink="http://www.w3.org/1999/xlink" xlink:type="simple" xlink:href="/webdav/Dynamic%20Delivery%20Example%20Site/Building%20Blocks/Content/Homepage%20article.xml" xlink:title="Homepage article" />
        </Content>
      </tcm:Content>
      <tcm:Metadata />
      <tcm:IsBasedOnTridionWebSchema>true</tcm:IsBasedOnTridionWebSchema>
      <tcm:MultimediaType xlink:type="simple" xlink:title="" xlink:href="tcm:0-0-0" />
    </tcm:Data>
  </Data>
  <Dependencies>
    <Dependency dependencyType="Publication" itemUrl="/webdav/Dynamic%20Delivery%20Example%20Site" linkName="LocationInfo/ContextRepository" />
    <Dependency dependencyType="OrganizationalItemFolder" itemUrl="/webdav/Dynamic%20Delivery%20Example%20Site/Building%20Blocks/Content" linkName="LocationInfo/OrganizationalItem" />
    <Dependency dependencyType="LinkedComponent" itemUrl="/webdav/Dynamic%20Delivery%20Example%20Site/Building%20Blocks/Content/Keyboard%20cross%20processed.jpg" linkName="Content" xpath="*[local-name() = 'Content'][1]/*[local-name() = 'image'][1]/@xlink:href" />
    <Dependency dependencyType="LinkedComponent" itemUrl="/webdav/Dynamic%20Delivery%20Example%20Site/Building%20Blocks/Content/Homepage%20article.xml" linkName="Content" xpath="*[local-name() = 'Content'][1]/*[local-name() = 'related'][1]/@xlink:href" />
    <Dependency dependencyType="Schema" itemUrl="/webdav/Dynamic%20Delivery%20Example%20Site/Building%20Blocks/System/Schemas/Content/News.xsd" linkName="Schema" />
  </Dependencies>
</PackageItem>