<PackageItem xmlns:tcm="http://www.tridion.com/ContentManager/5.0" xmlns:xlink="http://www.w3.org/1999/xlink" xmlns="http://www.sdltridion.com/ContentManager/ImportExport/Package/2013">
  <BinaryFileLocation>Binaries\25-2980.jpg</BinaryFileLocation>
  <Data>
    <tcm:Data>
      <tcm:Title>Keyboard cross processed</tcm:Title>
      <tcm:Type>Multimedia</tcm:Type>
      <tcm:Schema xlink:type="simple" xlink:title="Default Multimedia Schema" xlink:href="/webdav/Dynamic%20Delivery%20Example%20Site/Building%20Blocks/Default%20Multimedia%20Schema.xsd" IsMandatory="false" />
      <tcm:Content />
      <tcm:Metadata />
      <tcm:IsBasedOnTridionWebSchema>true</tcm:IsBasedOnTridionWebSchema>
      <tcm:MultimediaType xlink:type="simple" xlink:title="Jpeg image" xlink:href="tcm:0-2-65544" />
      <tcm:MultimediaFilename>keyboard_cross_processed.jpg</tcm:MultimediaFilename>
      <tcm:MultimediaFileSize>58335</tcm:MultimediaFileSize>
      <tcm:IsExternalMultimediaFile>false</tcm:IsExternalMultimediaFile>
    </tcm:Data>
  </Data>
  <Dependencies>
    <Dependency dependencyType="Publication" itemUrl="/webdav/Dynamic%20Delivery%20Example%20Site" linkName="LocationInfo/ContextRepository" />
    <Dependency dependencyType="OrganizationalItemFolder" itemUrl="/webdav/Dynamic%20Delivery%20Example%20Site/Building%20Blocks/Content" linkName="LocationInfo/OrganizationalItem" />
    <Dependency dependencyType="MultimediaType" itemUrl="/webdav//Jpeg%20image.tmt" linkName="BinaryContent/MultimediaType" />
    <Dependency dependencyType="Schema" itemUrl="/webdav/Dynamic%20Delivery%20Example%20Site/Building%20Blocks/Default%20Multimedia%20Schema.xsd" linkName="Schema" />
  </Dependencies>
</PackageItem>