<tcccp:Item xmlns:tcccp="http://www.tridion.com/ContentManager/5.2/ImportExport"><tcccp:BlueprintParentUrl></tcccp:BlueprintParentUrl><tcccp:PrimaryBlueprintParentUrl></tcccp:PrimaryBlueprintParentUrl><tcccp:BinaryFileLocation></tcccp:BinaryFileLocation><tcm:Data xmlns:tcm="http://www.tridion.com/ContentManager/5.0"><tcm:Title>Dynamic Delivery released</tcm:Title><tcm:FileName>dd-released</tcm:FileName><tcm:PageTemplate IsInherited="false" xmlns:xlink="http://www.w3.org/1999/xlink" xlink:type="simple" xlink:title="Example page template" xlink:href="/webdav/Dynamic%20Delivery%20Example%20Site/Building%20Blocks/System/Page%20Templates/Example%20page%20template.tptcmp" /><tcm:ComponentPresentations><tcm:ComponentPresentation><tcm:Component xmlns:xlink="http://www.w3.org/1999/xlink" xlink:type="simple" xlink:title="Dynamic Delivery released" xlink:href="/webdav/Dynamic%20Delivery%20Example%20Site/Building%20Blocks/Content/Dynamic%20Delivery%20released.xml" /><tcm:ComponentTemplate xmlns:xlink="http://www.w3.org/1999/xlink" xlink:type="simple" xlink:title="News (main)" xlink:href="/webdav/Dynamic%20Delivery%20Example%20Site/Building%20Blocks/System/Component%20Templates/News%20(main).tctcmp" /><tcm:Conditions /></tcm:ComponentPresentation><tcm:ComponentPresentation><tcm:Component xmlns:xlink="http://www.w3.org/1999/xlink" xlink:type="simple" xlink:title="Homepage article" xlink:href="/webdav/Dynamic%20Delivery%20Example%20Site/Building%20Blocks/Content/Homepage%20article.xml" /><tcm:ComponentTemplate xmlns:xlink="http://www.w3.org/1999/xlink" xlink:type="simple" xlink:title="Article (side)" xlink:href="/webdav/Dynamic%20Delivery%20Example%20Site/Building%20Blocks/System/Component%20Templates/Article%20(side).tctcmp" /><tcm:Conditions /></tcm:ComponentPresentation></tcm:ComponentPresentations><tcm:ApprovalStatus xmlns:xlink="http://www.w3.org/1999/xlink" xlink:type="simple" xlink:title="Undefined" xlink:href="tcm:0-0-0" /><tcm:MetadataSchema xmlns:xlink="http://www.w3.org/1999/xlink" xlink:type="simple" xlink:title="" xlink:href="tcm:0-0-0" /><tcm:Metadata /></tcm:Data><tcccp:Dependencies><tcccp:Dependency itemUrl="/webdav/Dynamic%20Delivery%20Example%20Site" mandatory="true" xpath="" itemType="Publication" dependencyType="Publication" /><tcccp:Dependency itemUrl="/webdav/Dynamic%20Delivery%20Example%20Site/Root/news" mandatory="true" xpath="" itemType="StructureGroup" dependencyType="OrganizationalItemStructureGroup" /><tcccp:Dependency itemUrl="/webdav/Dynamic%20Delivery%20Example%20Site/Building%20Blocks/System/Page%20Templates/Example%20page%20template.tptcmp" mandatory="true" xpath="tcm:Data/tcm:PageTemplate/@xlink:href" itemType="PageTemplate" dependencyType="PageTemplate" /><tcccp:Dependency itemUrl="tcm:0-0-0" mandatory="true" xpath="tcm:Data/tcm:MetadataSchema/@xlink:href" itemType="Schema" dependencyType="MetadataSchema" /><tcccp:Dependency itemUrl="/webdav/Dynamic%20Delivery%20Example%20Site/Building%20Blocks/Content/Dynamic%20Delivery%20released.xml" mandatory="true" xpath="tcm:Data/tcm:ComponentPresentations/tcm:ComponentPresentation[1]/tcm:Component/@xlink:href" itemType="Component" dependencyType="ComponentPresentationComponent" /><tcccp:Dependency itemUrl="/webdav/Dynamic%20Delivery%20Example%20Site/Building%20Blocks/System/Component%20Templates/News%20(main).tctcmp" mandatory="true" xpath="tcm:Data/tcm:ComponentPresentations/tcm:ComponentPresentation[1]/tcm:ComponentTemplate/@xlink:href" itemType="ComponentTemplate" dependencyType="ComponentPresentationComponentTemplate" /><tcccp:Dependency itemUrl="/webdav/Dynamic%20Delivery%20Example%20Site/Building%20Blocks/Content/Homepage%20article.xml" mandatory="true" xpath="tcm:Data/tcm:ComponentPresentations/tcm:ComponentPresentation[2]/tcm:Component/@xlink:href" itemType="Component" dependencyType="ComponentPresentationComponent" /><tcccp:Dependency itemUrl="/webdav/Dynamic%20Delivery%20Example%20Site/Building%20Blocks/System/Component%20Templates/Article%20(side).tctcmp" mandatory="true" xpath="tcm:Data/tcm:ComponentPresentations/tcm:ComponentPresentation[2]/tcm:ComponentTemplate/@xlink:href" itemType="ComponentTemplate" dependencyType="ComponentPresentationComponentTemplate" /><tcccp:Dependency itemUrl="tcm:0-0-0" itemType="ApprovalStatus" dependencyType="ApprovalStatus" mandatory="true" xpath="tcm:Data/tcm:ApprovalStatus/@xlink:href" /></tcccp:Dependencies></tcccp:Item>