<tcccp:Item xmlns:tcccp="http://www.tridion.com/ContentManager/5.2/ImportExport"><tcccp:BlueprintParentUrl></tcccp:BlueprintParentUrl><tcccp:PrimaryBlueprintParentUrl></tcccp:PrimaryBlueprintParentUrl><tcccp:BinaryFileLocation>C:\Program Files (x86)\Tridion\Content Porter\temp\htebcqqa.zxu\Binaries\0-65-1\65-29901-2048.tbbasm</tcccp:BinaryFileLocation><tcm:Data xmlns:tcm="http://www.tridion.com/ContentManager/5.0"><tcm:Title>Tridion.Extensions.DynamicDelivery.Templates</tcm:Title><tcm:Type>AssemblyTemplate</tcm:Type><tcm:Content><tcm:PublisherScript /></tcm:Content><tcm:ApprovalStatus xmlns:xlink="http://www.w3.org/1999/xlink" xlink:type="simple" xlink:title="Undefined" xlink:href="tcm:0-0-0" /><tcm:MetadataSchema xmlns:xlink="http://www.w3.org/1999/xlink" xlink:type="simple" xlink:title="" xlink:href="tcm:0-0-0" /><tcm:ParameterSchema xmlns:xlink="http://www.w3.org/1999/xlink" xlink:type="simple" xlink:title="Dynamic Delivery Parameter Schema" xlink:href="/webdav/Dynamic%20Delivery/Building%20Blocks/System/Schemas/Parameter/Dynamic%20Delivery%20Parameter%20Schema.xsd" /><tcm:Metadata /><tcm:MultimediaFilename>Tridion.Extensions.DynamicDelivery.Templates.dll</tcm:MultimediaFilename><tcm:MultimediaFileSize>51201</tcm:MultimediaFileSize><tcm:IsExternalMultimediaFile>false</tcm:IsExternalMultimediaFile></tcm:Data><tcccp:Dependencies><tcccp:Dependency itemUrl="/webdav/Dynamic%20Delivery" mandatory="true" xpath="" itemType="Publication" dependencyType="Publication" /><tcccp:Dependency itemUrl="/webdav/Dynamic%20Delivery/Building%20Blocks/System/Template%20Building%20Blocks/Dynamic%20Delivery" mandatory="true" xpath="" itemType="Folder" dependencyType="OrganizationalItemFolder" /><tcccp:Dependency itemUrl="/webdav/Dynamic%20Delivery/Building%20Blocks/System/Schemas/Parameter/Dynamic%20Delivery%20Parameter%20Schema.xsd" mandatory="true" xpath="tcm:Data/tcm:ParameterSchema/@xlink:href" itemType="Schema" dependencyType="ParameterSchema" /><tcccp:Dependency itemUrl="tcm:0-0-0" mandatory="true" xpath="tcm:Data/tcm:MetadataSchema/@xlink:href" itemType="Schema" dependencyType="MetadataSchema" /><tcccp:Dependency itemUrl="tcm:0-0-0" itemType="ApprovalStatus" dependencyType="ApprovalStatus" mandatory="true" xpath="tcm:Data/tcm:ApprovalStatus/@xlink:href" /></tcccp:Dependencies><tcccp:TemplateReferences /></tcccp:Item>