<tcccp:Item xmlns:tcccp="http://www.tridion.com/ContentManager/5.2/ImportExport"><tcccp:BlueprintParentUrl></tcccp:BlueprintParentUrl><tcccp:PrimaryBlueprintParentUrl></tcccp:PrimaryBlueprintParentUrl><tcccp:BinaryFileLocation></tcccp:BinaryFileLocation><tcm:Data xmlns:tcm="http://www.tridion.com/ContentManager/5.0"><tcm:Title>Default Finish Actions</tcm:Title><tcm:Type>CompoundTemplate</tcm:Type><tcm:Content><tcm:PublisherScript>&lt;CompoundTemplate xmlns="http://www.tridion.com/ContentManager/5.3/CompoundTemplate"&gt;
  &lt;TemplateInvocation&gt;
    &lt;Template xlink:href="/webdav/Dynamic%20Delivery/Building%20Blocks/System/Default%20Templates/Publish%20Binaries%20in%20Package.tbbcs" xmlns:xlink="http://www.w3.org/1999/xlink" xlink:title="Publish Binaries in Package" /&gt;
  &lt;/TemplateInvocation&gt;
  &lt;TemplateInvocation&gt;
    &lt;Template xlink:href="/webdav/Dynamic%20Delivery/Building%20Blocks/System/Default%20Templates/Link%20Resolver.tbbcs" xmlns:xlink="http://www.w3.org/1999/xlink" xlink:title="Link Resolver" /&gt;
  &lt;/TemplateInvocation&gt;
  &lt;TemplateInvocation&gt;
    &lt;Template xlink:href="/webdav/Dynamic%20Delivery/Building%20Blocks/System/Default%20Templates/Target%20Group%20Personalization.tbbcs" xmlns:xlink="http://www.w3.org/1999/xlink" xlink:title="Target Group Personalization" /&gt;
  &lt;/TemplateInvocation&gt;
  &lt;TemplateInvocation&gt;
    &lt;Template xlink:href="/webdav/Dynamic%20Delivery/Building%20Blocks/System/Default%20Templates/Cleanup%20Template.tbbcs" xmlns:xlink="http://www.w3.org/1999/xlink" xlink:title="Cleanup Template" /&gt;
  &lt;/TemplateInvocation&gt;
  &lt;TemplateInvocation&gt;
    &lt;Template xlink:href="/webdav/Dynamic%20Delivery/Building%20Blocks/System/Default%20Templates/Convert%20Xml%20to%20Html.tbbcs" xmlns:xlink="http://www.w3.org/1999/xlink" xlink:title="Convert Xml to Html" /&gt;
  &lt;/TemplateInvocation&gt;
&lt;/CompoundTemplate&gt;</tcm:PublisherScript></tcm:Content><tcm:ApprovalStatus xmlns:xlink="http://www.w3.org/1999/xlink" xlink:type="simple" xlink:title="Undefined" xlink:href="tcm:0-0-0" /><tcm:MetadataSchema xmlns:xlink="http://www.w3.org/1999/xlink" xlink:type="simple" xlink:title="" xlink:href="tcm:0-0-0" /><tcm:ParameterSchema xmlns:xlink="http://www.w3.org/1999/xlink" xlink:type="simple" xlink:title="Default Finish Actions Parameter Schema" xlink:href="/webdav/Dynamic%20Delivery/Building%20Blocks/System/Default%20Templates/Default%20Finish%20Actions%20Parameter%20Schema.xsd" /><tcm:Metadata /></tcm:Data><tcccp:Dependencies><tcccp:Dependency itemUrl="/webdav/Dynamic%20Delivery" mandatory="true" xpath="" itemType="Publication" dependencyType="Publication" /><tcccp:Dependency itemUrl="/webdav/Dynamic%20Delivery/Building%20Blocks/System/Default%20Templates" mandatory="true" xpath="" itemType="Folder" dependencyType="OrganizationalItemFolder" /><tcccp:Dependency itemUrl="/webdav/Dynamic%20Delivery/Building%20Blocks/System/Default%20Templates/Default%20Finish%20Actions%20Parameter%20Schema.xsd" mandatory="true" xpath="tcm:Data/tcm:ParameterSchema/@xlink:href" itemType="Schema" dependencyType="ParameterSchema" /><tcccp:Dependency itemUrl="tcm:0-0-0" mandatory="true" xpath="tcm:Data/tcm:MetadataSchema/@xlink:href" itemType="Schema" dependencyType="MetadataSchema" /><tcccp:Dependency itemUrl="/webdav/Dynamic%20Delivery/Building%20Blocks/System/Default%20Templates/Publish%20Binaries%20in%20Package.tbbcs" itemType="TemplateBuildingBlock" dependencyType="TemplateLinkedItem" mandatory="true" xpath="tcccp:TemplateReferences/tcccp:TemplateReference[1]" /><tcccp:Dependency itemUrl="/webdav/Dynamic%20Delivery/Building%20Blocks/System/Default%20Templates/Link%20Resolver.tbbcs" itemType="TemplateBuildingBlock" dependencyType="TemplateLinkedItem" mandatory="true" xpath="tcccp:TemplateReferences/tcccp:TemplateReference[2]" /><tcccp:Dependency itemUrl="/webdav/Dynamic%20Delivery/Building%20Blocks/System/Default%20Templates/Target%20Group%20Personalization.tbbcs" itemType="TemplateBuildingBlock" dependencyType="TemplateLinkedItem" mandatory="true" xpath="tcccp:TemplateReferences/tcccp:TemplateReference[3]" /><tcccp:Dependency itemUrl="/webdav/Dynamic%20Delivery/Building%20Blocks/System/Default%20Templates/Cleanup%20Template.tbbcs" itemType="TemplateBuildingBlock" dependencyType="TemplateLinkedItem" mandatory="true" xpath="tcccp:TemplateReferences/tcccp:TemplateReference[4]" /><tcccp:Dependency itemUrl="/webdav/Dynamic%20Delivery/Building%20Blocks/System/Default%20Templates/Convert%20Xml%20to%20Html.tbbcs" itemType="TemplateBuildingBlock" dependencyType="TemplateLinkedItem" mandatory="true" xpath="tcccp:TemplateReferences/tcccp:TemplateReference[5]" /><tcccp:Dependency itemUrl="tcm:0-0-0" itemType="ApprovalStatus" dependencyType="ApprovalStatus" mandatory="true" xpath="tcm:Data/tcm:ApprovalStatus/@xlink:href" /></tcccp:Dependencies><tcccp:TemplateReferences><tcccp:TemplateReference isTcmReference="true" itemType="2048">/webdav/Dynamic%20Delivery/Building%20Blocks/System/Default%20Templates/Publish%20Binaries%20in%20Package.tbbcs</tcccp:TemplateReference><tcccp:TemplateReference isTcmReference="true" itemType="2048">/webdav/Dynamic%20Delivery/Building%20Blocks/System/Default%20Templates/Link%20Resolver.tbbcs</tcccp:TemplateReference><tcccp:TemplateReference isTcmReference="true" itemType="2048">/webdav/Dynamic%20Delivery/Building%20Blocks/System/Default%20Templates/Target%20Group%20Personalization.tbbcs</tcccp:TemplateReference><tcccp:TemplateReference isTcmReference="true" itemType="2048">/webdav/Dynamic%20Delivery/Building%20Blocks/System/Default%20Templates/Cleanup%20Template.tbbcs</tcccp:TemplateReference><tcccp:TemplateReference isTcmReference="true" itemType="2048">/webdav/Dynamic%20Delivery/Building%20Blocks/System/Default%20Templates/Convert%20Xml%20to%20Html.tbbcs</tcccp:TemplateReference></tcccp:TemplateReferences></tcccp:Item>