<tcccp:Item xmlns:tcccp="http://www.tridion.com/ContentManager/5.2/ImportExport"><tcccp:BlueprintParentUrl></tcccp:BlueprintParentUrl><tcccp:PrimaryBlueprintParentUrl></tcccp:PrimaryBlueprintParentUrl><tcccp:BinaryFileLocation></tcccp:BinaryFileLocation><tcm:Data xmlns:tcm="http://www.tridion.com/ContentManager/5.0"><tcm:Title>Dynamic Delivery Example Site</tcm:Title><tcm:PublicationPath>\dd4t</tcm:PublicationPath><tcm:PublicationURL>/dd4t</tcm:PublicationURL><tcm:MultimediaPath>\Images</tcm:MultimediaPath><tcm:MultimediaURL>/Images</tcm:MultimediaURL><tcm:DefaultPageTemplate xmlns:xlink="http://www.w3.org/1999/xlink" xlink:type="simple" xlink:title="Example page template" xlink:href="/webdav/Dynamic%20Delivery%20Example%20Site/Building%20Blocks/System/Page%20Templates/Example%20page%20template.tptcmp" /><tcm:DefaultComponentTemplate xmlns:xlink="http://www.w3.org/1999/xlink" xlink:type="simple" xlink:title="Article (main)" xlink:href="/webdav/Dynamic%20Delivery%20Example%20Site/Building%20Blocks/System/Component%20Templates/Article%20(main).tctcmp" /><tcm:DefaultTemplateBuildingBlock xmlns:xlink="http://www.w3.org/1999/xlink" xlink:type="simple" xlink:title="DD4T.Templates.merged" xlink:href="/webdav/Dynamic%20Delivery%20Example%20Site/Building%20Blocks/System/Template%20Building%20Blocks/DD4T%20Publishing/DD4T%2ETemplates%2Emerged.tbbasm" /><tcm:DefaultMultimediaSchema xmlns:xlink="http://www.w3.org/1999/xlink" xlink:type="simple" xlink:title="Default Multimedia Schema" xlink:href="/webdav/Dynamic%20Delivery%20Example%20Site/Building%20Blocks/Default%20Multimedia%20Schema.xsd" /><tcm:ParentPublications /><tcm:PageTemplateProcess xmlns:xlink="http://www.w3.org/1999/xlink" xlink:type="simple" xlink:title="" xlink:href="tcm:0-0-0" /><tcm:ComponentTemplateProcess xmlns:xlink="http://www.w3.org/1999/xlink" xlink:type="simple" xlink:title="" xlink:href="tcm:0-0-0" /><tcm:ComponentSnapshotTemplate xmlns:xlink="http://www.w3.org/1999/xlink" xlink:type="simple" xlink:title="Default Component Template" xlink:href="/webdav/Dynamic%20Delivery%20Example%20Site/Building%20Blocks/Default%20Templates/Default%20Component%20Template.tctcmp" /><tcm:PageSnapshotTemplate xmlns:xlink="http://www.w3.org/1999/xlink" xlink:type="simple" xlink:title="" xlink:href="tcm:0-0-0" /><tcm:ShareProcessAssociations>false</tcm:ShareProcessAssociations><tcm:MetadataSchema xmlns:xlink="http://www.w3.org/1999/xlink" xlink:type="simple" xlink:title="" xlink:href="tcm:0-0-0" /><tcm:Metadata /><tcm:CategoriesXSD><xsd:schema xmlns:xlink="http://www.w3.org/1999/xlink" xmlns:category="tcm:0-200-1/Categories.xsd" targetNamespace="tcm:0-200-1/Categories.xsd" xmlns:xsd="http://www.w3.org/2001/XMLSchema"><xsd:import namespace="http://www.w3.org/1999/xlink" schemaLocation="/webdav/cm_lnk.xsd" /><xsd:attribute name="CategoryURI" type="xsd:anyURI" /></xsd:schema></tcm:CategoriesXSD><tcm:PublicationType>Web</tcm:PublicationType><tcm:Key>DynamicDeliveryExampleSite</tcm:Key></tcm:Data><tcccp:Dependencies><tcccp:Dependency itemUrl="/webdav/Dynamic%20Delivery%20Example%20Site/Building%20Blocks/Default%20Multimedia%20Schema.xsd" mandatory="true" xpath="tcm:Data/tcm:DefaultMultimediaSchema/@xlink:href" itemType="Schema" dependencyType="DefaultMultimediaSchema" /><tcccp:Dependency itemUrl="/webdav/Dynamic%20Delivery%20Example%20Site/Building%20Blocks/System/Template%20Building%20Blocks/DD4T%20Publishing/DD4T%2ETemplates%2Emerged.tbbasm" mandatory="true" xpath="tcm:Data/tcm:DefaultTemplateBuildingBlock/@xlink:href" itemType="TemplateBuildingBlock" dependencyType="DefaultTemplateBuildingBlock" /><tcccp:Dependency itemUrl="/webdav/Dynamic%20Delivery%20Example%20Site/Building%20Blocks/System/Component%20Templates/Article%20(main).tctcmp" mandatory="true" xpath="tcm:Data/tcm:DefaultComponentTemplate/@xlink:href" itemType="ComponentTemplate" dependencyType="DefaultComponentTemplate" /><tcccp:Dependency itemUrl="/webdav/Dynamic%20Delivery%20Example%20Site/Building%20Blocks/System/Page%20Templates/Example%20page%20template.tptcmp" mandatory="true" xpath="tcm:Data/tcm:DefaultPageTemplate/@xlink:href" itemType="PageTemplate" dependencyType="DefaultPageTemplate" /><tcccp:Dependency itemUrl="tcm:0-0-0" mandatory="true" xpath="tcm:Data/tcm:MetadataSchema/@xlink:href" itemType="Schema" dependencyType="MetadataSchema" /><tcccp:Dependency itemUrl="tcm:0-0-0" itemType="ProcessDefinition" dependencyType="PageTemplateProcess" mandatory="true" xpath="tcm:Data/tcm:PageTemplateProcess/@xlink:href" /><tcccp:Dependency itemUrl="tcm:0-0-0" itemType="ProcessDefinition" dependencyType="ComponentTemplateProcess" mandatory="true" xpath="tcm:Data/tcm:ComponentTemplateProcess/@xlink:href" /><tcccp:Dependency itemUrl="/webdav/Dynamic%20Delivery%20Example%20Site/Building%20Blocks/Default%20Templates/Default%20Component%20Template.tctcmp" mandatory="true" xpath="tcm:Data/tcm:ComponentSnapshotTemplate/@xlink:href" itemType="ComponentTemplate" dependencyType="ComponentSnapshotTemplate" /><tcccp:Dependency itemUrl="tcm:0-0-0" mandatory="true" xpath="tcm:Data/tcm:PageSnapshotTemplate/@xlink:href" itemType="PageTemplate" dependencyType="PageSnapshotTemplate" /></tcccp:Dependencies></tcccp:Item>