<PackageItem xmlns:tcm="http://www.tridion.com/ContentManager/5.0" xmlns:xlink="http://www.w3.org/1999/xlink" xmlns:xsd="http://www.w3.org/2001/XMLSchema" xmlns="http://www.sdltridion.com/ContentManager/ImportExport/Package/2013">
  <Data>
    <tcm:Data xmlns:xlink="http://www.w3.org/1999/xlink" xmlns:i="http://www.w3.org/2001/XMLSchema-instance">
      <tcm:Title>Outbound E-mail Post-processing</tcm:Title>
      <tcm:Description>Outbound E-mail Post-processing</tcm:Description>
      <tcm:Purpose>TemplateParameters</tcm:Purpose>
      <tcm:NamespaceURI>uuid:4F031745-E95E-4D3F-90D7-B859CF3FB2E7</tcm:NamespaceURI>
      <tcm:RootElementName>Parameters</tcm:RootElementName>
      <tcm:IsTridionWebSchema>true</tcm:IsTridionWebSchema>
      <tcm:XSD>
        <xsd:schema xmlns="uuid:4F031745-E95E-4D3F-90D7-B859CF3FB2E7" xmlns:tcmi="http://www.tridion.com/ContentManager/5.0/Instance" xmlns:xsd="http://www.w3.org/2001/XMLSchema" elementFormDefault="qualified" targetNamespace="uuid:4F031745-E95E-4D3F-90D7-B859CF3FB2E7">
          <xsd:import namespace="http://www.tridion.com/ContentManager/5.0/Instance" schemaLocation="/webdav/cm_xml_inst.xsd" />
          <xsd:annotation>
            <xsd:appinfo>
              <tcm:Labels xmlns:tcm="http://www.tridion.com/ContentManager/5.0">
                <tcm:Label ElementName="TrackLinks" Metadata="false">Track Links</tcm:Label>
                <tcm:Label ElementName="AttachmentsMetadataFieldIdentifier" Metadata="false">Attachments Metadata Field Identifier</tcm:Label>
              </tcm:Labels>
            </xsd:appinfo>
          </xsd:annotation>
          <xsd:element name="Parameters">
            <xsd:complexType>
              <xsd:sequence>
                <xsd:element name="TrackLinks" minOccurs="0" maxOccurs="1">
                  <xsd:annotation>
                    <xsd:appinfo>
                      <tcm:CustomURL xmlns:tcm="http://www.tridion.com/ContentManager/5.0">/TemplateBuilder/TemplateParameterDescriptions/OutboundEmailPostProcessing.html#TrackLinks</tcm:CustomURL>
                      <tcm:ExtensionXml xmlns:tcm="http://www.tridion.com/ContentManager/5.0" />
                      <tcm:DefaultTextValue xmlns:tcm="http://www.tridion.com/ContentManager/5.0">No</tcm:DefaultTextValue>
                      <tcm:Size xmlns:tcm="http://www.tridion.com/ContentManager/5.0">1</tcm:Size>
                      <tcm:listtype xmlns:tcm="http://www.tridion.com/ContentManager/5.0">select</tcm:listtype>
                    </xsd:appinfo>
                  </xsd:annotation>
                  <xsd:simpleType>
                    <xsd:restriction base="xsd:normalizedString">
                      <xsd:enumeration value="Yes" />
                      <xsd:enumeration value="No" />
                    </xsd:restriction>
                  </xsd:simpleType>
                </xsd:element>
                <xsd:element name="AttachmentsMetadataFieldIdentifier" minOccurs="0" maxOccurs="1" type="xsd:normalizedString">
                  <xsd:annotation>
                    <xsd:appinfo>
                      <tcm:CustomURL xmlns:tcm="http://www.tridion.com/ContentManager/5.0">/TemplateBuilder/TemplateParameterDescriptions/OutboundEmailPostProcessing.html#AttachmentsMetadataFieldIdentifier</tcm:CustomURL>
                      <tcm:ExtensionXml xmlns:tcm="http://www.tridion.com/ContentManager/5.0" />
                      <tcm:DefaultTextValue xmlns:tcm="http://www.tridion.com/ContentManager/5.0">OutboundEmail_Attachments</tcm:DefaultTextValue>
                    </xsd:appinfo>
                  </xsd:annotation>
                </xsd:element>
              </xsd:sequence>
            </xsd:complexType>
          </xsd:element>
        </xsd:schema>
      </tcm:XSD>
      <tcm:AllowedMultimediaTypes />
      <tcm:ComponentProcess xlink:type="simple" xlink:title="" xlink:href="tcm:0-0-0" />
      <tcm:BundleProcess xlink:type="simple" xlink:title="" xlink:href="tcm:0-0-0" />
      <tcm:DeleteBundleOnProcessFinished>false</tcm:DeleteBundleOnProcessFinished>
    </tcm:Data>
  </Data>
  <Dependencies>
    <Dependency dependencyType="Publication" itemUrl="/webdav/Dynamic%20Delivery%20Example%20Site" linkName="LocationInfo/ContextRepository" />
    <Dependency dependencyType="OrganizationalItemFolder" itemUrl="/webdav/Dynamic%20Delivery%20Example%20Site/Building%20Blocks/Default%20Templates/Outbound%20E-mail" linkName="LocationInfo/OrganizationalItem" />
  </Dependencies>
</PackageItem>