<PackageItem xmlns:tcm="http://www.tridion.com/ContentManager/5.0" xmlns:xlink="http://www.w3.org/1999/xlink" xmlns:xsd="http://www.w3.org/2001/XMLSchema" xmlns="http://www.sdltridion.com/ContentManager/ImportExport/Package/2013">
  <Data>
    <tcm:Data xmlns:xlink="http://www.w3.org/1999/xlink" xmlns:i="http://www.w3.org/2001/XMLSchema-instance">
      <tcm:Title>News</tcm:Title>
      <tcm:Description>News</tcm:Description>
      <tcm:Purpose>Component</tcm:Purpose>
      <tcm:NamespaceURI>uuid:e805fbeb-6e65-4d2e-83f4-03feeb5164fa</tcm:NamespaceURI>
      <tcm:RootElementName>Content</tcm:RootElementName>
      <tcm:IsTridionWebSchema>true</tcm:IsTridionWebSchema>
      <tcm:XSD>
        <xsd:schema xmlns:xsd="http://www.w3.org/2001/XMLSchema" xmlns:tcmi="http://www.tridion.com/ContentManager/5.0/Instance" xmlns="uuid:e805fbeb-6e65-4d2e-83f4-03feeb5164fa" targetNamespace="uuid:e805fbeb-6e65-4d2e-83f4-03feeb5164fa" elementFormDefault="qualified">
          <xsd:annotation>
            <xsd:appinfo>
              <tcm:Labels xmlns:tcm="http://www.tridion.com/ContentManager/5.0">
                <tcm:Label ElementName="title" Metadata="false">Title</tcm:Label>
                <tcm:Label ElementName="image" Metadata="false">Heading Image</tcm:Label>
                <tcm:Label ElementName="paragraph" Metadata="false">paragraph</tcm:Label>
                <tcm:Label ElementName="related" Metadata="false">Related Arcticles</tcm:Label>
              </tcm:Labels>
            </xsd:appinfo>
          </xsd:annotation>
          <xsd:import namespace="http://www.tridion.com/ContentManager/5.0/Instance" schemaLocation="/webdav/cm_xml_inst.xsd" />
          <xsd:element name="Content">
            <xsd:complexType>
              <xsd:sequence>
                <xsd:element name="title" minOccurs="1" maxOccurs="1" type="xsd:normalizedString" />
                <xsd:element name="image" minOccurs="1" maxOccurs="1" type="tcmi:SimpleLink">
                  <xsd:annotation>
                    <xsd:appinfo>
                      <tcm:linktype xmlns:tcm="http://www.tridion.com/ContentManager/5.0">MultimediaLink</tcm:linktype>
                      <tcm:AllowedTargetSchemas xmlns:tcm="http://www.tridion.com/ContentManager/5.0">
                        <tcm:TargetSchema xmlns:xlink="http://www.w3.org/1999/xlink" xlink:href="/webdav/Dynamic%20Delivery%20Example%20Site/Building%20Blocks/Default%20Multimedia%20Schema.xsd" xlink:title="Default Multimedia Schema" />
                      </tcm:AllowedTargetSchemas>
                    </xsd:appinfo>
                  </xsd:annotation>
                </xsd:element>
                <xsd:element name="paragraph" minOccurs="1" maxOccurs="1" type="tcmi:XHTML">
                  <xsd:annotation>
                    <xsd:appinfo>
                      <tcm:FilterXSLT xmlns:tcm="http://www.tridion.com/ContentManager/5.0">
                        <xsl:stylesheet xmlns:xsl="http://www.w3.org/1999/XSL/Transform" xmlns="http://www.sdltridion.com/ContentManager/R6" version="1.0">
                          <xsl:output omit-xml-declaration="yes" method="xml" cdata-section-elements="script" />
                          <xsl:template name="FormattingFeatures">
                            <FormattingFeatures xmlns="http://www.tridion.com/ContentManager/5.2/FormatArea">
                              <Doctype>Transitional</Doctype>
                              <AccessibilityLevel>0</AccessibilityLevel>
                              <DisallowedActions />
                              <DisallowedStyles />
                            </FormattingFeatures>
                          </xsl:template>
                          <xsl:template match="/ | node() | @*">
                            <xsl:copy>
                              <xsl:apply-templates select="node() | @*" />
                            </xsl:copy>
                          </xsl:template>
                          <xsl:template match="/body[not(processing-instruction() or comment() or normalize-space(translate(., ' ', '')) != '' or       *[@* or * or comment() or processing-instruction() or not(self::p or self::br)])]">
                            <!-- make an empty <body> if all the body has is empty paragraphs, line-breaks and (non-breaking) spaces -->
                            <xsl:copy />
                          </xsl:template>
                          <xsl:template match="p[not(@* or * or comment() or processing-instruction() or normalize-space(translate(., ' ', '')) != '' or       following-sibling::node()[@* or * or comment() or processing-instruction() or not(self::p or self::text()) or normalize-space(translate(., ' ', '')) != ''])]">
                            <!-- ignore all paragraphs at the end that have nothing but (non-breaking) spaces -->
                          </xsl:template>
                        </xsl:stylesheet>
                      </tcm:FilterXSLT>
                      <tcm:Size xmlns:tcm="http://www.tridion.com/ContentManager/5.0">10</tcm:Size>
                    </xsd:appinfo>
                  </xsd:annotation>
                </xsd:element>
                <xsd:element name="related" minOccurs="0" maxOccurs="1" type="tcmi:SimpleLink">
                  <xsd:annotation>
                    <xsd:appinfo>
                      <tcm:linktype xmlns:tcm="http://www.tridion.com/ContentManager/5.0">ComponentLink</tcm:linktype>
                      <tcm:AllowedTargetSchemas xmlns:tcm="http://www.tridion.com/ContentManager/5.0">
                        <tcm:TargetSchema xmlns:xlink="http://www.w3.org/1999/xlink" xlink:href="/webdav/Dynamic%20Delivery%20Example%20Site/Building%20Blocks/System/Schemas/Content/Article.xsd" xlink:title="Article" />
                      </tcm:AllowedTargetSchemas>
                      <tcm:AllowMultimediaLinks xmlns:tcm="http://www.tridion.com/ContentManager/5.0">false</tcm:AllowMultimediaLinks>
                    </xsd:appinfo>
                  </xsd:annotation>
                </xsd:element>
              </xsd:sequence>
            </xsd:complexType>
          </xsd:element>
        </xsd:schema>
      </tcm:XSD>
      <tcm:AllowedMultimediaTypes />
      <tcm:ComponentProcess xlink:type="simple" xlink:title="" xlink:href="tcm:0-0-0" />
      <tcm:BundleProcess xlink:type="simple" xlink:title="" xlink:href="tcm:0-0-0" />
      <tcm:DeleteBundleOnProcessFinished>false</tcm:DeleteBundleOnProcessFinished>
    </tcm:Data>
  </Data>
  <Dependencies>
    <Dependency dependencyType="Publication" itemUrl="/webdav/Dynamic%20Delivery%20Example%20Site" linkName="LocationInfo/ContextRepository" />
    <Dependency dependencyType="OrganizationalItemFolder" itemUrl="/webdav/Dynamic%20Delivery%20Example%20Site/Building%20Blocks/System/Schemas/Content" linkName="LocationInfo/OrganizationalItem" />
    <Dependency dependencyType="SchemaAllowedSchema" itemUrl="/webdav/Dynamic%20Delivery%20Example%20Site/Building%20Blocks/Default%20Multimedia%20Schema.xsd" linkName="Xsd" xpath="xsd:schema[1]/xsd:element[1]/xsd:complexType[1]/xsd:sequence[1]/xsd:element[2]/xsd:annotation[1]/xsd:appinfo[1]/tcm:AllowedTargetSchemas[1]/tcm:TargetSchema[1]/@xlink:href" />
    <Dependency dependencyType="SchemaAllowedSchema" itemUrl="/webdav/Dynamic%20Delivery%20Example%20Site/Building%20Blocks/System/Schemas/Content/Article.xsd" linkName="Xsd" xpath="xsd:schema[1]/xsd:element[1]/xsd:complexType[1]/xsd:sequence[1]/xsd:element[4]/xsd:annotation[1]/xsd:appinfo[1]/tcm:AllowedTargetSchemas[1]/tcm:TargetSchema[1]/@xlink:href" />
  </Dependencies>
</PackageItem>