<PackageItem xmlns:tcm="http://www.tridion.com/ContentManager/5.0" xmlns:xlink="http://www.w3.org/1999/xlink" xmlns:xsd="http://www.w3.org/2001/XMLSchema" xmlns="http://www.sdltridion.com/ContentManager/ImportExport/Package/2013">
  <Data>
    <tcm:Data xmlns:xlink="http://www.w3.org/1999/xlink" xmlns:i="http://www.w3.org/2001/XMLSchema-instance">
      <tcm:Title>Dynamic Delivery Parameter Schema</tcm:Title>
      <tcm:Description>Dynamic Delivery Parameter Schema</tcm:Description>
      <tcm:Purpose>TemplateParameters</tcm:Purpose>
      <tcm:NamespaceURI>uuid:7d6ae723-7902-4776-b933-6f1ae4ed4bf3</tcm:NamespaceURI>
      <tcm:RootElementName>Parameters</tcm:RootElementName>
      <tcm:IsTridionWebSchema>true</tcm:IsTridionWebSchema>
      <tcm:XSD>
        <xsd:schema xmlns:xsd="http://www.w3.org/2001/XMLSchema" xmlns:tcmi="http://www.tridion.com/ContentManager/5.0/Instance" xmlns="uuid:7d6ae723-7902-4776-b933-6f1ae4ed4bf3" targetNamespace="uuid:7d6ae723-7902-4776-b933-6f1ae4ed4bf3" elementFormDefault="qualified">
          <xsd:annotation>
            <xsd:appinfo>
              <tcm:Labels xmlns:tcm="http://www.tridion.com/ContentManager/5.0">
                <tcm:Label ElementName="LinkLevels" Metadata="false">Number of levels to follow links</tcm:Label>
                <tcm:Label ElementName="PublishBinariesTargetStructureGroup" Metadata="false">Publish binaries to this Structure Group</tcm:Label>
                <tcm:Label ElementName="ResolveWidthAndHeight" Metadata="false">Resolve width and height of linked images</tcm:Label>
              </tcm:Labels>
            </xsd:appinfo>
          </xsd:annotation>
          <xsd:import namespace="http://www.tridion.com/ContentManager/5.0/Instance" schemaLocation="/webdav/cm_xml_inst.xsd" />
          <xsd:element name="Parameters">
            <xsd:complexType>
              <xsd:sequence>
                <xsd:element name="LinkLevels" minOccurs="0" maxOccurs="1" type="xsd:decimal">
                  <xsd:annotation>
                    <xsd:appinfo>
                      <tcm:Size xmlns:tcm="http://www.tridion.com/ContentManager/5.0">1</tcm:Size>
                      <tcm:DefaultNumericValue xmlns:tcm="http://www.tridion.com/ContentManager/5.0">2</tcm:DefaultNumericValue>
                    </xsd:appinfo>
                  </xsd:annotation>
                </xsd:element>
                <xsd:element name="PublishBinariesTargetStructureGroup" minOccurs="0" maxOccurs="1" type="xsd:normalizedString">
                  <xsd:annotation>
                    <xsd:appinfo>
                      <tcm:Size xmlns:tcm="http://www.tridion.com/ContentManager/5.0">1</tcm:Size>
                    </xsd:appinfo>
                  </xsd:annotation>
                </xsd:element>
                <xsd:element name="ResolveWidthAndHeight" minOccurs="0" maxOccurs="1">
                  <xsd:annotation>
                    <xsd:appinfo>
                      <tcm:listtype xmlns:tcm="http://www.tridion.com/ContentManager/5.0">select</tcm:listtype>
                      <tcm:Size xmlns:tcm="http://www.tridion.com/ContentManager/5.0">1</tcm:Size>
                    </xsd:appinfo>
                  </xsd:annotation>
                  <xsd:simpleType>
                    <xsd:restriction base="xsd:normalizedString">
                      <xsd:enumeration value="yes" />
                      <xsd:enumeration value="no" />
                    </xsd:restriction>
                  </xsd:simpleType>
                </xsd:element>
              </xsd:sequence>
            </xsd:complexType>
          </xsd:element>
        </xsd:schema>
      </tcm:XSD>
      <tcm:AllowedMultimediaTypes />
      <tcm:ComponentProcess xlink:type="simple" xlink:title="" xlink:href="tcm:0-0-0" />
      <tcm:BundleProcess xlink:type="simple" xlink:title="" xlink:href="tcm:0-0-0" />
      <tcm:DeleteBundleOnProcessFinished>false</tcm:DeleteBundleOnProcessFinished>
    </tcm:Data>
  </Data>
  <Dependencies>
    <Dependency dependencyType="Publication" itemUrl="/webdav/Dynamic%20Delivery%20Example%20Site" linkName="LocationInfo/ContextRepository" />
    <Dependency dependencyType="OrganizationalItemFolder" itemUrl="/webdav/Dynamic%20Delivery%20Example%20Site/Building%20Blocks/System/Schemas/Parameter" linkName="LocationInfo/OrganizationalItem" />
  </Dependencies>
</PackageItem>