<PackageItem xmlns:tcm="http://www.tridion.com/ContentManager/5.0" xmlns:xlink="http://www.w3.org/1999/xlink" xmlns="http://www.sdltridion.com/ContentManager/ImportExport/Package/2013">
  <Data>
    <tcm:Data>
      <tcm:Title>Default Finish Actions</tcm:Title>
      <tcm:Type>CompoundTemplate</tcm:Type>
      <tcm:Content>
        <tcm:PublisherScript>&lt;CompoundTemplate xmlns="http://www.tridion.com/ContentManager/5.3/CompoundTemplate"&gt;
  &lt;TemplateInvocation&gt;
    &lt;Template xlink:href="/webdav/Dynamic%20Delivery%20Example%20Site/Building%20Blocks/Default%20Templates/Publish%20Binaries%20in%20Package.tbbcs" xmlns:xlink="http://www.w3.org/1999/xlink" xlink:title="Publish Binaries in Package" /&gt;
  &lt;/TemplateInvocation&gt;
  &lt;TemplateInvocation&gt;
    &lt;Template xlink:href="/webdav/Dynamic%20Delivery%20Example%20Site/Building%20Blocks/Default%20Templates/Link%20Resolver.tbbcs" xmlns:xlink="http://www.w3.org/1999/xlink" xlink:title="Link Resolver" /&gt;
  &lt;/TemplateInvocation&gt;
  &lt;TemplateInvocation&gt;
    &lt;Template xlink:href="/webdav/Dynamic%20Delivery%20Example%20Site/Building%20Blocks/Default%20Templates/Target%20Group%20Personalization.tbbcs" xmlns:xlink="http://www.w3.org/1999/xlink" xlink:title="Target Group Personalization" /&gt;
  &lt;/TemplateInvocation&gt;
  &lt;TemplateInvocation&gt;
    &lt;Template xlink:href="/webdav/Dynamic%20Delivery%20Example%20Site/Building%20Blocks/Default%20Templates/Cleanup%20Template.tbbcs" xmlns:xlink="http://www.w3.org/1999/xlink" xlink:title="Cleanup Template" /&gt;
  &lt;/TemplateInvocation&gt;
  &lt;TemplateInvocation&gt;
    &lt;Template xlink:href="/webdav/Dynamic%20Delivery%20Example%20Site/Building%20Blocks/Default%20Templates/Convert%20Xml%20to%20Html.tbbcs" xmlns:xlink="http://www.w3.org/1999/xlink" xlink:title="Convert Xml to Html" /&gt;
  &lt;/TemplateInvocation&gt;
&lt;/CompoundTemplate&gt;</tcm:PublisherScript>
      </tcm:Content>
      <tcm:MetadataSchema xlink:type="simple" xlink:title="" xlink:href="tcm:0-0-0" />
      <tcm:ParameterSchema xlink:type="simple" xlink:title="Default Finish Actions Parameter Schema" xlink:href="/webdav/Dynamic%20Delivery%20Example%20Site/Building%20Blocks/Default%20Templates/Default%20Finish%20Actions%20Parameter%20Schema.xsd" />
      <tcm:Metadata />
    </tcm:Data>
  </Data>
  <Dependencies>
    <Dependency dependencyType="Publication" itemUrl="/webdav/Dynamic%20Delivery%20Example%20Site" linkName="LocationInfo/ContextRepository" />
    <Dependency dependencyType="OrganizationalItemFolder" itemUrl="/webdav/Dynamic%20Delivery%20Example%20Site/Building%20Blocks/Default%20Templates" linkName="LocationInfo/OrganizationalItem" />
    <Dependency dependencyType="ParameterSchema" itemUrl="/webdav/Dynamic%20Delivery%20Example%20Site/Building%20Blocks/Default%20Templates/Default%20Finish%20Actions%20Parameter%20Schema.xsd" linkName="ParameterSchema" />
    <Dependency dependencyType="TemplateLinkedItem" itemUrl="/webdav/Dynamic%20Delivery%20Example%20Site/Building%20Blocks/Default%20Templates/Cleanup%20Template.tbbcs" linkName="ExtractedReferences[0]" />
    <Dependency dependencyType="TemplateLinkedItem" itemUrl="/webdav/Dynamic%20Delivery%20Example%20Site/Building%20Blocks/Default%20Templates/Convert%20Xml%20to%20Html.tbbcs" linkName="ExtractedReferences[1]" />
    <Dependency dependencyType="TemplateLinkedItem" itemUrl="/webdav/Dynamic%20Delivery%20Example%20Site/Building%20Blocks/Default%20Templates/Link%20Resolver.tbbcs" linkName="ExtractedReferences[2]" />
    <Dependency dependencyType="TemplateLinkedItem" itemUrl="/webdav/Dynamic%20Delivery%20Example%20Site/Building%20Blocks/Default%20Templates/Publish%20Binaries%20in%20Package.tbbcs" linkName="ExtractedReferences[3]" />
    <Dependency dependencyType="TemplateLinkedItem" itemUrl="/webdav/Dynamic%20Delivery%20Example%20Site/Building%20Blocks/Default%20Templates/Target%20Group%20Personalization.tbbcs" linkName="ExtractedReferences[4]" />
  </Dependencies>
</PackageItem>