<PackageItem xmlns:tcm="http://www.tridion.com/ContentManager/5.0" xmlns:xlink="http://www.w3.org/1999/xlink" xmlns="http://www.sdltridion.com/ContentManager/ImportExport/Package/2013">
  <Data>
    <tcm:Data>
      <tcm:Title>Publish binaries for page</tcm:Title>
      <tcm:Type>CSharpTemplate</tcm:Type>
      <tcm:Content>
        <tcm:PublisherScript>/* This template was generated through the Tridion Assembly Template Upload */
&lt;%RunTemplate Template="/webdav/Dynamic%20Delivery%20Example%20Site/Building%20Blocks/System/Template%20Building%20Blocks/DD4T%20Publishing/DD4T%2ETemplates%2Emerged.tbbasm" Class="DD4T.Templates.PublishBinariesPage"%&gt;</tcm:PublisherScript>
      </tcm:Content>
      <tcm:MetadataSchema xlink:type="simple" xlink:title="" xlink:href="tcm:0-0-0" />
      <tcm:ParameterSchema xlink:type="simple" xlink:title="Publish binaries for page" xlink:href="/webdav/Dynamic%20Delivery%20Example%20Site/Building%20Blocks/System/Template%20Building%20Blocks/DD4T%20Publishing/Publish%20binaries%20for%20page.xsd" />
      <tcm:Metadata />
    </tcm:Data>
  </Data>
  <Dependencies>
    <Dependency dependencyType="Publication" itemUrl="/webdav/Dynamic%20Delivery%20Example%20Site" linkName="LocationInfo/ContextRepository" />
    <Dependency dependencyType="OrganizationalItemFolder" itemUrl="/webdav/Dynamic%20Delivery%20Example%20Site/Building%20Blocks/System/Template%20Building%20Blocks/DD4T%20Publishing" linkName="LocationInfo/OrganizationalItem" />
    <Dependency dependencyType="ParameterSchema" itemUrl="/webdav/Dynamic%20Delivery%20Example%20Site/Building%20Blocks/System/Template%20Building%20Blocks/DD4T%20Publishing/Publish%20binaries%20for%20page.xsd" linkName="ParameterSchema" />
    <Dependency dependencyType="TemplateLinkedItem" itemUrl="/webdav/Dynamic%20Delivery%20Example%20Site/Building%20Blocks/System/Template%20Building%20Blocks/DD4T%20Publishing/DD4T%2ETemplates%2Emerged.tbbasm" linkName="ExtractedReferences[0]" />
  </Dependencies>
</PackageItem>