<PackageItem xmlns:tcm="http://www.tridion.com/ContentManager/5.0" xmlns:xlink="http://www.w3.org/1999/xlink" xmlns="http://www.sdltridion.com/ContentManager/ImportExport/Package/2013">
  <Data>
    <tcm:Data>
      <tcm:Title>Outbound E-mail Pre-processing</tcm:Title>
      <tcm:Type>CSharpTemplate</tcm:Type>
      <tcm:Content>
        <tcm:PublisherScript>	/* Generated by Setup Default Templates */
	&lt;%RunTemplate Template="/webdav/Dynamic%20Delivery%20Example%20Site/Building%20Blocks/Default%20Templates/Outbound%20E-mail/Tridion%2EOutboundEmail%2ETemplating%2ETemplates.tbbasm" Class="Tridion.OutboundEmail.Templating.Templates.OutboundEmailSetup"%&gt;
</tcm:PublisherScript>
      </tcm:Content>
      <tcm:MetadataSchema xlink:type="simple" xlink:title="" xlink:href="tcm:0-0-0" />
      <tcm:ParameterSchema xlink:type="simple" xlink:title="Outbound E-mail Pre-processing" xlink:href="/webdav/Dynamic%20Delivery%20Example%20Site/Building%20Blocks/Default%20Templates/Outbound%20E-mail/Outbound%20E-mail%20Pre-processing.xsd" />
      <tcm:Metadata />
    </tcm:Data>
  </Data>
  <Dependencies>
    <Dependency dependencyType="Publication" itemUrl="/webdav/Dynamic%20Delivery%20Example%20Site" linkName="LocationInfo/ContextRepository" />
    <Dependency dependencyType="OrganizationalItemFolder" itemUrl="/webdav/Dynamic%20Delivery%20Example%20Site/Building%20Blocks/Default%20Templates/Outbound%20E-mail" linkName="LocationInfo/OrganizationalItem" />
    <Dependency dependencyType="ParameterSchema" itemUrl="/webdav/Dynamic%20Delivery%20Example%20Site/Building%20Blocks/Default%20Templates/Outbound%20E-mail/Outbound%20E-mail%20Pre-processing.xsd" linkName="ParameterSchema" />
    <Dependency dependencyType="TemplateLinkedItem" itemUrl="/webdav/Dynamic%20Delivery%20Example%20Site/Building%20Blocks/Default%20Templates/Outbound%20E-mail/Tridion%2EOutboundEmail%2ETemplating%2ETemplates.tbbasm" linkName="ExtractedReferences[0]" />
  </Dependencies>
</PackageItem>