<PackageItem xmlns:tcm="http://www.tridion.com/ContentManager/5.0" xmlns:xlink="http://www.w3.org/1999/xlink" xmlns="http://www.sdltridion.com/ContentManager/ImportExport/Package/2013">
  <Data>
    <tcm:Data>
      <tcm:Title>Enable inline editing for Page</tcm:Title>
      <tcm:Type>CSharpTemplate</tcm:Type>
      <tcm:Content>
        <tcm:PublisherScript>	/* Generated by Setup Default Templates */
	&lt;%RunTemplate Template="/webdav/Dynamic%20Delivery%20Example%20Site/Building%20Blocks/Default%20Templates/Tridion%2ESiteEdit%2ETemplating.tbbasm" Class="Tridion.SiteEdit.Templating.EnableUI"%&gt;
</tcm:PublisherScript>
      </tcm:Content>
      <tcm:MetadataSchema xlink:type="simple" xlink:title="" xlink:href="tcm:0-0-0" />
      <tcm:ParameterSchema xlink:type="simple" xlink:title="Enable inline editing for Page" xlink:href="/webdav/Dynamic%20Delivery%20Example%20Site/Building%20Blocks/Default%20Templates/Enable%20inline%20editing%20for%20Page.xsd" />
      <tcm:Metadata />
    </tcm:Data>
  </Data>
  <Dependencies>
    <Dependency dependencyType="Publication" itemUrl="/webdav/Dynamic%20Delivery%20Example%20Site" linkName="LocationInfo/ContextRepository" />
    <Dependency dependencyType="OrganizationalItemFolder" itemUrl="/webdav/Dynamic%20Delivery%20Example%20Site/Building%20Blocks/Default%20Templates" linkName="LocationInfo/OrganizationalItem" />
    <Dependency dependencyType="ParameterSchema" itemUrl="/webdav/Dynamic%20Delivery%20Example%20Site/Building%20Blocks/Default%20Templates/Enable%20inline%20editing%20for%20Page.xsd" linkName="ParameterSchema" />
    <Dependency dependencyType="TemplateLinkedItem" itemUrl="/webdav/Dynamic%20Delivery%20Example%20Site/Building%20Blocks/Default%20Templates/Tridion%2ESiteEdit%2ETemplating.tbbasm" linkName="ExtractedReferences[0]" />
  </Dependencies>
</PackageItem>