<tcccp:Item xmlns:tcccp="http://www.tridion.com/ContentManager/5.2/ImportExport"><tcccp:BlueprintParentUrl></tcccp:BlueprintParentUrl><tcccp:PrimaryBlueprintParentUrl></tcccp:PrimaryBlueprintParentUrl><tcccp:BinaryFileLocation></tcccp:BinaryFileLocation><tcm:Data xmlns:tcm="http://www.tridion.com/ContentManager/5.0" xmlns:xlink="http://www.w3.org/1999/xlink" xmlns:i="http://www.w3.org/2001/XMLSchema-instance" xmlns:transform-ext="urn:tridion:transform-ext"><tcm:Title>Dreamweaver Region Selection Parameter Schema</tcm:Title><tcm:Description>Dreamweaver Region Selection Parameter Schema</tcm:Description><tcm:Purpose>TemplateParameters</tcm:Purpose><tcm:NamespaceURI>uuid:276c7653-0e80-40c2-be55-0534a00033f7</tcm:NamespaceURI><tcm:RootElementName>Parameters</tcm:RootElementName><tcm:IsTridionWebSchema>false</tcm:IsTridionWebSchema><tcm:XSD><xsd:schema targetNamespace="uuid:276c7653-0e80-40c2-be55-0534a00033f7" elementFormDefault="qualified" xmlns:xsd="http://www.w3.org/2001/XMLSchema" xmlns:tcmi="http://www.tridion.com/ContentManager/5.0/Instance" xmlns="uuid:276c7653-0e80-40c2-be55-0534a00033f7"><xsd:annotation><xsd:appinfo><tcm:Labels xmlns:tcm="http://www.tridion.com/ContentManager/5.0"><tcm:Label ElementName="SelectedRepeatingRegion" Metadata="false">Repeating region to render</tcm:Label></tcm:Labels></xsd:appinfo></xsd:annotation><xsd:import namespace="http://www.tridion.com/ContentManager/5.0/Instance" schemaLocation="/webdav/cm_xml_inst.xsd" /><xsd:element name="Parameters"><xsd:complexType><xsd:sequence><xsd:element name="SelectedRepeatingRegion" minOccurs="0" maxOccurs="1" type="xsd:normalizedString"><xsd:annotation><xsd:appinfo><tcm:CustomURL xmlns:tcm="http://www.tridion.com/ContentManager/5.0">/TemplateBuilder/TemplateParameterDescriptions/DreamweaverRegionSelection.html#SelectedRepeatingRegion</tcm:CustomURL></xsd:appinfo></xsd:annotation></xsd:element></xsd:sequence></xsd:complexType></xsd:element></xsd:schema></tcm:XSD><tcm:AllowedMultimediaTypes /><tcm:ComponentProcess xlink:type="simple" xlink:title="" xlink:href="tcm:0-0-0" /></tcm:Data><tcccp:Dependencies><tcccp:Dependency itemUrl="/webdav/Dynamic%20Delivery%20Example%20Site" mandatory="true" xpath="" itemType="Publication" dependencyType="Publication" /><tcccp:Dependency itemUrl="/webdav/Dynamic%20Delivery%20Example%20Site/Building%20Blocks/Default%20Templates" mandatory="true" xpath="" itemType="Folder" dependencyType="OrganizationalItemFolder" /><tcccp:Dependency itemUrl="tcm:0-0-0" itemType="ProcessDefinition" dependencyType="ComponentProcess" mandatory="true" xpath="tcm:Data/tcm:ComponentProcess/@xlink:href" /></tcccp:Dependencies></tcccp:Item>