<tcccp:Item xmlns:tcccp="http://www.tridion.com/ContentManager/5.2/ImportExport"><tcccp:BlueprintParentUrl></tcccp:BlueprintParentUrl><tcccp:PrimaryBlueprintParentUrl></tcccp:PrimaryBlueprintParentUrl><tcccp:BinaryFileLocation></tcccp:BinaryFileLocation><tcm:Data xmlns:tcm="http://www.tridion.com/ContentManager/5.0" xmlns:xlink="http://www.w3.org/1999/xlink" xmlns:i="http://www.w3.org/2001/XMLSchema-instance" xmlns:transform-ext="urn:tridion:transform-ext"><tcm:Title>Dynamic Delivery Parameter Schema</tcm:Title><tcm:Description>Dynamic Delivery Parameter Schema</tcm:Description><tcm:Purpose>TemplateParameters</tcm:Purpose><tcm:NamespaceURI>uuid:7d6ae723-7902-4776-b933-6f1ae4ed4bf3</tcm:NamespaceURI><tcm:RootElementName>Parameters</tcm:RootElementName><tcm:IsTridionWebSchema>false</tcm:IsTridionWebSchema><tcm:XSD><xsd:schema targetNamespace="uuid:7d6ae723-7902-4776-b933-6f1ae4ed4bf3" elementFormDefault="qualified" xmlns:xsd="http://www.w3.org/2001/XMLSchema" xmlns:tcmi="http://www.tridion.com/ContentManager/5.0/Instance" xmlns="uuid:7d6ae723-7902-4776-b933-6f1ae4ed4bf3"><xsd:annotation><xsd:appinfo><tcm:Labels xmlns:tcm="http://www.tridion.com/ContentManager/5.0"><tcm:Label ElementName="LinkLevels" Metadata="false">Number of levels to follow links</tcm:Label><tcm:Label ElementName="PublishBinariesTargetStructureGroup" Metadata="false">Publish binaries to this Structure Group</tcm:Label><tcm:Label ElementName="ResolveWidthAndHeight" Metadata="false">Resolve width and height of linked images</tcm:Label></tcm:Labels></xsd:appinfo></xsd:annotation><xsd:import namespace="http://www.tridion.com/ContentManager/5.0/Instance" schemaLocation="/webdav/cm_xml_inst.xsd" /><xsd:element name="Parameters"><xsd:complexType><xsd:sequence><xsd:element name="LinkLevels" minOccurs="0" maxOccurs="1" type="xsd:decimal"><xsd:annotation><xsd:appinfo><tcm:Size xmlns:tcm="http://www.tridion.com/ContentManager/5.0">1</tcm:Size><tcm:DefaultNumericValue xmlns:tcm="http://www.tridion.com/ContentManager/5.0">2</tcm:DefaultNumericValue></xsd:appinfo></xsd:annotation></xsd:element><xsd:element name="PublishBinariesTargetStructureGroup" minOccurs="0" maxOccurs="1" type="xsd:normalizedString"><xsd:annotation><xsd:appinfo><tcm:Size xmlns:tcm="http://www.tridion.com/ContentManager/5.0">1</tcm:Size></xsd:appinfo></xsd:annotation></xsd:element><xsd:element name="ResolveWidthAndHeight" minOccurs="0" maxOccurs="1"><xsd:annotation><xsd:appinfo><tcm:listtype xmlns:tcm="http://www.tridion.com/ContentManager/5.0">select</tcm:listtype><tcm:Size xmlns:tcm="http://www.tridion.com/ContentManager/5.0">1</tcm:Size></xsd:appinfo></xsd:annotation><xsd:simpleType><xsd:restriction base="xsd:normalizedString"><xsd:enumeration value="yes" /><xsd:enumeration value="no" /></xsd:restriction></xsd:simpleType></xsd:element></xsd:sequence></xsd:complexType></xsd:element></xsd:schema></tcm:XSD><tcm:AllowedMultimediaTypes /><tcm:ComponentProcess xlink:type="simple" xlink:title="" xlink:href="tcm:0-0-0" /></tcm:Data><tcccp:Dependencies><tcccp:Dependency itemUrl="/webdav/Dynamic%20Delivery%20Example%20Site" mandatory="true" xpath="" itemType="Publication" dependencyType="Publication" /><tcccp:Dependency itemUrl="/webdav/Dynamic%20Delivery%20Example%20Site/Building%20Blocks/System/Schemas/Parameter" mandatory="true" xpath="" itemType="Folder" dependencyType="OrganizationalItemFolder" /><tcccp:Dependency itemUrl="tcm:0-0-0" itemType="ProcessDefinition" dependencyType="ComponentProcess" mandatory="true" xpath="tcm:Data/tcm:ComponentProcess/@xlink:href" /></tcccp:Dependencies></tcccp:Item>