<tcccp:Item xmlns:tcccp="http://www.tridion.com/ContentManager/5.2/ImportExport"><tcccp:BlueprintParentUrl></tcccp:BlueprintParentUrl><tcccp:PrimaryBlueprintParentUrl></tcccp:PrimaryBlueprintParentUrl><tcccp:BinaryFileLocation></tcccp:BinaryFileLocation><tcm:Data xmlns:tcm="http://www.tridion.com/ContentManager/5.0" xmlns:xlink="http://www.w3.org/1999/xlink" xmlns:i="http://www.w3.org/2001/XMLSchema-instance" xmlns:transform-ext="urn:tridion:transform-ext"><tcm:Title>newslist</tcm:Title><tcm:Description>newslist</tcm:Description><tcm:Purpose>Component</tcm:Purpose><tcm:NamespaceURI>uuid:22989106-046d-44ee-b8e6-dec93510c500</tcm:NamespaceURI><tcm:RootElementName>Content</tcm:RootElementName><tcm:IsTridionWebSchema>false</tcm:IsTridionWebSchema><tcm:XSD><xsd:schema elementFormDefault="qualified" targetNamespace="uuid:22989106-046d-44ee-b8e6-dec93510c500" xmlns:xsd="http://www.w3.org/2001/XMLSchema" xmlns="uuid:22989106-046d-44ee-b8e6-dec93510c500" xmlns:tcmi="http://www.tridion.com/ContentManager/5.0/Instance"><xsd:import namespace="http://www.tridion.com/ContentManager/5.0/Instance" schemaLocation="/webdav/cm_xml_inst.xsd" /><xsd:annotation><xsd:appinfo><tcm:Labels xmlns:tcm="http://www.tridion.com/ContentManager/5.0"><tcm:Label ElementName="title" Metadata="false">title</tcm:Label></tcm:Labels></xsd:appinfo></xsd:annotation><xsd:element name="Content"><xsd:complexType><xsd:sequence><xsd:element name="title" minOccurs="1" maxOccurs="1" type="xsd:normalizedString"><xsd:annotation><xsd:appinfo><tcm:ExtensionXml xmlns:tcm="http://www.tridion.com/ContentManager/5.0" /></xsd:appinfo></xsd:annotation></xsd:element></xsd:sequence></xsd:complexType></xsd:element></xsd:schema></tcm:XSD><tcm:AllowedMultimediaTypes /><tcm:ComponentProcess xlink:type="simple" xlink:title="" xlink:href="tcm:0-0-0" /></tcm:Data><tcccp:Dependencies><tcccp:Dependency itemUrl="/webdav/Dynamic%20Delivery%20Example%20Site" mandatory="true" xpath="" itemType="Publication" dependencyType="Publication" /><tcccp:Dependency itemUrl="/webdav/Dynamic%20Delivery%20Example%20Site/Building%20Blocks/System/Schemas/Application" mandatory="true" xpath="" itemType="Folder" dependencyType="OrganizationalItemFolder" /><tcccp:Dependency itemUrl="tcm:0-0-0" itemType="ProcessDefinition" dependencyType="ComponentProcess" mandatory="true" xpath="tcm:Data/tcm:ComponentProcess/@xlink:href" /></tcccp:Dependencies></tcccp:Item>