<Index dataContractVersion="2013" xmlns="http://www.sdltridion.com/ContentManager/ImportExport/Package/2013">
  <Item id="tcm:0-0-0" selected="false" exported="false">
    <Item id="tcm:0-25-1" title="Dynamic%20Delivery%20Example%20Site" itemType="Publication" selected="true" exported="true">
      <Item id="tcm:25-331-2" title="Building%20Blocks" itemType="Folder" blueprintStatus="LocalItem" selected="true" exported="true">
        <Item id="tcm:25-342-2" title="Content" itemType="Folder" blueprintStatus="LocalItem" selected="true" exported="true">
          <Item id="tcm:25-2982" title="Dynamic%20Delivery%20released" extension="xml" itemType="Component" blueprintStatus="LocalItem" selected="true" exported="true" />
          <Item id="tcm:25-2981" title="Homepage%20article" extension="xml" itemType="Component" blueprintStatus="LocalItem" selected="true" exported="true" />
          <Item id="tcm:25-2980" title="Keyboard%20cross%20processed" extension="jpg" itemType="Component" subtype="1" blueprintStatus="LocalItem" selected="true" exported="true" />
          <Item id="tcm:25-2984" title="Latest%20News%20Application" extension="xml" itemType="Component" blueprintStatus="LocalItem" selected="true" exported="true" />
          <Item id="tcm:25-2985" title="Quickstart%20for%20DD4T%20updated" extension="xml" itemType="Component" blueprintStatus="LocalItem" selected="true" exported="true" />
        </Item>
        <Item id="tcm:25-332-2" title="Default%20Templates" itemType="Folder" blueprintStatus="LocalItem" selected="true" exported="true">
          <Item id="tcm:25-333-2" title="Outbound%20E-mail" itemType="Folder" blueprintStatus="LocalItem" selected="true" exported="true">
            <Item id="tcm:25-2943-2048" title="Generate%20Plain%20Text%20E-mail" extension="tbbcs" itemType="TemplateBuildingBlock" blueprintStatus="LocalItem" selected="true" exported="true" />
            <Item id="tcm:25-2942-8" title="Generate%20Plain%20Text%20E-mail" extension="xsd" itemType="Schema" subtype="6" blueprintStatus="LocalItem" selected="true" exported="true" />
            <Item id="tcm:25-2945-2048" title="Outbound%20E-mail%20Post-processing" extension="tbbcs" itemType="TemplateBuildingBlock" blueprintStatus="LocalItem" selected="true" exported="true" />
            <Item id="tcm:25-2944-8" title="Outbound%20E-mail%20Post-processing" extension="xsd" itemType="Schema" subtype="6" blueprintStatus="LocalItem" selected="true" exported="true" />
            <Item id="tcm:25-2947-2048" title="Outbound%20E-mail%20Pre-processing" extension="tbbcs" itemType="TemplateBuildingBlock" blueprintStatus="LocalItem" selected="true" exported="true" />
            <Item id="tcm:25-2946-8" title="Outbound%20E-mail%20Pre-processing" extension="xsd" itemType="Schema" subtype="6" blueprintStatus="LocalItem" selected="true" exported="true" />
            <Item id="tcm:25-2948-2048" title="Set%20Output%20Item%20By%20Email%20Mode" extension="tbbcs" itemType="TemplateBuildingBlock" blueprintStatus="LocalItem" selected="true" exported="true" />
            <Item id="tcm:25-2941-2048" title="Tridion%2EOutboundEmail%2ETemplating%2ETemplates" extension="tbbasm" itemType="TemplateBuildingBlock" blueprintStatus="LocalItem" selected="true" exported="true" />
          </Item>
          <Item id="tcm:25-2915-2048" title="Activate%20Tracking" extension="tbbcs" itemType="TemplateBuildingBlock" blueprintStatus="LocalItem" selected="true" exported="true" />
          <Item id="tcm:25-2916-2048" title="Cleanup%20Template" extension="tbbcs" itemType="TemplateBuildingBlock" blueprintStatus="LocalItem" selected="true" exported="true" />
          <Item id="tcm:25-2918-2048" title="Component%20Query" extension="tbbcs" itemType="TemplateBuildingBlock" blueprintStatus="LocalItem" selected="true" exported="true" />
          <Item id="tcm:25-2917-8" title="Component%20Query" extension="xsd" itemType="Schema" subtype="6" blueprintStatus="LocalItem" selected="true" exported="true" />
          <Item id="tcm:25-2920-2048" title="Convert%20Html%20to%20Xml" extension="tbbcs" itemType="TemplateBuildingBlock" blueprintStatus="LocalItem" selected="true" exported="true" />
          <Item id="tcm:25-2919-8" title="Convert%20Html%20to%20Xml" extension="xsd" itemType="Schema" subtype="6" blueprintStatus="LocalItem" selected="true" exported="true" />
          <Item id="tcm:25-2979-8" title="Convert%20Xml%20to%20Html%20Parameters%20Schema" extension="xsd" itemType="Schema" subtype="6" blueprintStatus="LocalItem" selected="true" exported="true" />
          <Item id="tcm:25-2922-2048" title="Convert%20Xml%20to%20Html" extension="tbbcs" itemType="TemplateBuildingBlock" blueprintStatus="LocalItem" selected="true" exported="true" />
          <Item id="tcm:25-2921-8" title="Convert%20Xml%20to%20Html" extension="xsd" itemType="Schema" subtype="6" blueprintStatus="LocalItem" selected="true" exported="true" />
          <Item id="tcm:25-2940-32" title="Default%20Component%20Template" extension="tctcmp" itemType="ComponentTemplate" blueprintStatus="LocalItem" selected="true" exported="true" />
          <Item id="tcm:25-2934-2048" title="Default%20Dreamweaver%20Component%20Design" extension="dwt" itemType="TemplateBuildingBlock" blueprintStatus="LocalItem" selected="true" exported="true" />
          <Item id="tcm:25-2935-2048" title="Default%20Dreamweaver%20Page%20Design" extension="dwt" itemType="TemplateBuildingBlock" blueprintStatus="LocalItem" selected="true" exported="true" />
          <Item id="tcm:25-2976-8" title="Default%20Finish%20Actions%20Parameter%20Schema" extension="xsd" itemType="Schema" subtype="6" blueprintStatus="LocalItem" selected="true" exported="true" />
          <Item id="tcm:25-2938-2048" title="Default%20Finish%20Actions" extension="tbbcmp" itemType="TemplateBuildingBlock" blueprintStatus="LocalItem" selected="true" exported="true" />
          <Item id="tcm:25-2937-8" title="Default%20Finish%20Actions" extension="xsd" itemType="Schema" subtype="6" blueprintStatus="LocalItem" selected="true" exported="true" />
          <Item id="tcm:25-2939-128" title="Default%20Page%20Template" extension="tptcmp" itemType="PageTemplate" blueprintStatus="LocalItem" selected="true" exported="true" />
          <Item id="tcm:25-2986-8" title="Default%20Template%20Building%20Block%20Parameter%20Schema" extension="xsd" itemType="Schema" subtype="6" blueprintStatus="LocalItem" selected="true" exported="true" />
          <Item id="tcm:25-2987-2048" title="Default%20Template%20Building%20Block" extension="tbbcmp" itemType="TemplateBuildingBlock" blueprintStatus="LocalItem" selected="true" exported="true" />
          <Item id="tcm:25-2975-8" title="Dreamweaver%20Region%20Selection%20Parameter%20Schema" extension="xsd" itemType="Schema" subtype="6" blueprintStatus="LocalItem" selected="true" exported="true" />
          <Item id="tcm:25-2933-8" title="Dreamweaver%20Region%20Selection" extension="xsd" itemType="Schema" subtype="6" blueprintStatus="LocalItem" selected="true" exported="true" />
          <Item id="tcm:25-2953-2048" title="Enable%20inline%20editing%20for%20Page" extension="tbbcs" itemType="TemplateBuildingBlock" blueprintStatus="LocalItem" selected="true" exported="true" />
          <Item id="tcm:25-2952-8" title="Enable%20inline%20editing%20for%20Page" extension="xsd" itemType="Schema" subtype="6" blueprintStatus="LocalItem" selected="true" exported="true" />
          <Item id="tcm:25-2951-2048" title="Enable%20inline%20editing%20for%20content" extension="tbbcs" itemType="TemplateBuildingBlock" blueprintStatus="LocalItem" selected="true" exported="true" />
          <Item id="tcm:25-2950-8" title="Enable%20inline%20editing%20for%20content" extension="xsd" itemType="Schema" subtype="6" blueprintStatus="LocalItem" selected="true" exported="true" />
          <Item id="tcm:25-2924-2048" title="Extract%20Binaries%20from%20Html" extension="tbbcs" itemType="TemplateBuildingBlock" blueprintStatus="LocalItem" selected="true" exported="true" />
          <Item id="tcm:25-2923-8" title="Extract%20Binaries%20from%20Html" extension="xsd" itemType="Schema" subtype="6" blueprintStatus="LocalItem" selected="true" exported="true" />
          <Item id="tcm:25-2925-2048" title="Extract%20Components%20from%20Page" extension="tbbcs" itemType="TemplateBuildingBlock" blueprintStatus="LocalItem" selected="true" exported="true" />
          <Item id="tcm:25-2927-2048" title="Image%20Resizer" extension="tbbcs" itemType="TemplateBuildingBlock" blueprintStatus="LocalItem" selected="true" exported="true" />
          <Item id="tcm:25-2926-8" title="Image%20Resizer" extension="xsd" itemType="Schema" subtype="6" blueprintStatus="LocalItem" selected="true" exported="true" />
          <Item id="tcm:25-2978-8" title="Link%20Resolver%20Parameters%20Schema" extension="xsd" itemType="Schema" subtype="6" blueprintStatus="LocalItem" selected="true" exported="true" />
          <Item id="tcm:25-2929-2048" title="Link%20Resolver" extension="tbbcs" itemType="TemplateBuildingBlock" blueprintStatus="LocalItem" selected="true" exported="true" />
          <Item id="tcm:25-2928-8" title="Link%20Resolver" extension="xsd" itemType="Schema" subtype="6" blueprintStatus="LocalItem" selected="true" exported="true" />
          <Item id="tcm:25-2977-8" title="Publish%20Binaries%20in%20Package%20Parameters%20Schema" extension="xsd" itemType="Schema" subtype="6" blueprintStatus="LocalItem" selected="true" exported="true" />
          <Item id="tcm:25-2931-2048" title="Publish%20Binaries%20in%20Package" extension="tbbcs" itemType="TemplateBuildingBlock" blueprintStatus="LocalItem" selected="true" exported="true" />
          <Item id="tcm:25-2930-8" title="Publish%20Binaries%20in%20Package" extension="xsd" itemType="Schema" subtype="6" blueprintStatus="LocalItem" selected="true" exported="true" />
          <Item id="tcm:25-2936-2048" title="Sample%20XSLT%20Component%20Design" extension="xslt" itemType="TemplateBuildingBlock" blueprintStatus="LocalItem" selected="true" exported="true" />
          <Item id="tcm:25-2932-2048" title="Target%20Group%20Personalization" extension="tbbcs" itemType="TemplateBuildingBlock" blueprintStatus="LocalItem" selected="true" exported="true" />
          <Item id="tcm:25-2949-2048" title="Tridion%2ESiteEdit%2ETemplating" extension="tbbasm" itemType="TemplateBuildingBlock" blueprintStatus="LocalItem" selected="true" exported="true" />
        </Item>
        <Item id="tcm:25-334-2" title="System" itemType="Folder" blueprintStatus="LocalItem" selected="true" exported="true">
          <Item id="tcm:25-337-2" title="Component%20Templates" itemType="Folder" blueprintStatus="LocalItem" selected="true" exported="true">
            <Item id="tcm:25-2969-32" title="Article%20(main)" extension="tctcmp" itemType="ComponentTemplate" blueprintStatus="LocalItem" selected="true" exported="true" />
            <Item id="tcm:25-2988-32" title="Article%20(side)" extension="tctcmp" itemType="ComponentTemplate" blueprintStatus="LocalItem" selected="true" exported="true" />
            <Item id="tcm:25-2989-32" title="News%20(main)" extension="tctcmp" itemType="ComponentTemplate" blueprintStatus="LocalItem" selected="true" exported="true" />
            <Item id="tcm:25-2990-32" title="News%20(side)" extension="tctcmp" itemType="ComponentTemplate" blueprintStatus="LocalItem" selected="true" exported="true" />
            <Item id="tcm:25-2991-32" title="Newslist%20(side)" extension="tctcmp" itemType="ComponentTemplate" blueprintStatus="LocalItem" selected="true" exported="true" />
          </Item>
          <Item id="tcm:25-341-2" title="Page%20Templates" itemType="Folder" blueprintStatus="LocalItem" selected="true" exported="true">
            <Item id="tcm:25-2974-128" title="Example%20page%20template" extension="tptcmp" itemType="PageTemplate" blueprintStatus="LocalItem" selected="true" exported="true" />
          </Item>
          <Item id="tcm:25-338-2" title="Schemas" itemType="Folder" blueprintStatus="LocalItem" selected="true" exported="true">
            <Item id="tcm:25-343-2" title="Application" itemType="Folder" blueprintStatus="LocalItem" selected="true" exported="true">
              <Item id="tcm:25-2983-8" title="newslist" extension="xsd" itemType="Schema" blueprintStatus="LocalItem" selected="true" exported="true" />
            </Item>
            <Item id="tcm:25-339-2" title="Content" itemType="Folder" blueprintStatus="LocalItem" selected="true" exported="true">
              <Item id="tcm:25-2970-8" title="Article" extension="xsd" itemType="Schema" blueprintStatus="LocalItem" selected="true" exported="true" />
              <Item id="tcm:25-2971-8" title="News" extension="xsd" itemType="Schema" blueprintStatus="LocalItem" selected="true" exported="true" />
            </Item>
            <Item id="tcm:25-340-2" title="Metadata" itemType="Folder" blueprintStatus="LocalItem" selected="true" exported="true">
              <Item id="tcm:25-2972-8" title="Component%20Template%20Metadata" extension="xsd" itemType="Schema" subtype="3" blueprintStatus="LocalItem" selected="true" exported="true" />
              <Item id="tcm:25-2973-8" title="Page%20Template%20Metadata" extension="xsd" itemType="Schema" subtype="3" blueprintStatus="LocalItem" selected="true" exported="true" />
            </Item>
            <Item id="tcm:25-344-2" title="Parameter" itemType="Folder" blueprintStatus="LocalItem" selected="true" exported="true">
              <Item id="tcm:25-2992-8" title="Dynamic%20Delivery%20Parameter%20Schema" extension="xsd" itemType="Schema" subtype="6" blueprintStatus="LocalItem" selected="true" exported="true" />
            </Item>
          </Item>
          <Item id="tcm:25-335-2" title="Template%20Building%20Blocks" itemType="Folder" blueprintStatus="LocalItem" selected="true" exported="true">
            <Item id="tcm:25-336-2" title="DD4T%20Publishing" itemType="Folder" blueprintStatus="LocalItem" selected="true" exported="true">
              <Item id="tcm:25-2957-2048" title="Add%20inherited%20metadata%20to%20component" extension="tbbcs" itemType="TemplateBuildingBlock" blueprintStatus="LocalItem" selected="true" exported="true" />
              <Item id="tcm:25-2966-8" title="Add%20inherited%20metadata%20to%20component" extension="xsd" itemType="Schema" subtype="6" blueprintStatus="LocalItem" selected="true" exported="true" />
              <Item id="tcm:25-2961-2048" title="Add%20inherited%20metadata%20to%20page" extension="tbbcs" itemType="TemplateBuildingBlock" blueprintStatus="LocalItem" selected="true" exported="true" />
              <Item id="tcm:25-2967-8" title="Add%20inherited%20metadata%20to%20page" extension="xsd" itemType="Schema" subtype="6" blueprintStatus="LocalItem" selected="true" exported="true" />
              <Item id="tcm:25-2958-2048" title="Convert%20XML%20to%20Java" extension="tbbcs" itemType="TemplateBuildingBlock" blueprintStatus="LocalItem" selected="true" exported="true" />
              <Item id="tcm:25-2993-2048" title="Convert%20to%20lower%20case" extension="tbbcs" itemType="TemplateBuildingBlock" blueprintStatus="LocalItem" selected="true" exported="true" />
              <Item id="tcm:25-2954-2048" title="DD4T%2ETemplates%2Emerged" extension="tbbasm" itemType="TemplateBuildingBlock" blueprintStatus="LocalItem" selected="true" exported="true" />
              <Item id="tcm:25-2994-2048" title="Generate%20Resources" extension="tbbcs" itemType="TemplateBuildingBlock" blueprintStatus="LocalItem" selected="true" exported="true" />
              <Item id="tcm:25-2955-2048" title="Generate%20dynamic%20component" extension="tbbcs" itemType="TemplateBuildingBlock" blueprintStatus="LocalItem" selected="true" exported="true" />
              <Item id="tcm:25-2964-8" title="Generate%20dynamic%20component" extension="xsd" itemType="Schema" subtype="6" blueprintStatus="LocalItem" selected="true" exported="true" />
              <Item id="tcm:25-2960-2048" title="Generate%20dynamic%20page" extension="tbbcs" itemType="TemplateBuildingBlock" blueprintStatus="LocalItem" selected="true" exported="true" />
              <Item id="tcm:25-2963-8" title="Generate%20dynamic%20page" extension="xsd" itemType="Schema" subtype="6" blueprintStatus="LocalItem" selected="true" exported="true" />
              <Item id="tcm:25-2959-2048" title="Minimize%20XML" extension="tbbcs" itemType="TemplateBuildingBlock" blueprintStatus="LocalItem" selected="true" exported="true" />
              <Item id="tcm:25-2995-2048" title="Preview%20page" extension="tbbcs" itemType="TemplateBuildingBlock" blueprintStatus="LocalItem" selected="true" exported="true" />
              <Item id="tcm:25-2956-2048" title="Publish%20binaries%20for%20component" extension="tbbcs" itemType="TemplateBuildingBlock" blueprintStatus="LocalItem" selected="true" exported="true" />
              <Item id="tcm:25-2965-8" title="Publish%20binaries%20for%20component" extension="xsd" itemType="Schema" subtype="6" blueprintStatus="LocalItem" selected="true" exported="true" />
              <Item id="tcm:25-2962-2048" title="Publish%20binaries%20for%20page" extension="tbbcs" itemType="TemplateBuildingBlock" blueprintStatus="LocalItem" selected="true" exported="true" />
              <Item id="tcm:25-2968-8" title="Publish%20binaries%20for%20page" extension="xsd" itemType="Schema" subtype="6" blueprintStatus="LocalItem" selected="true" exported="true" />
            </Item>
          </Item>
        </Item>
        <Item id="tcm:25-2914-8" title="Default%20Multimedia%20Schema" extension="xsd" itemType="Schema" subtype="1" blueprintStatus="LocalItem" selected="true" exported="true" />
      </Item>
      <Item id="tcm:25-345-4" title="Root" itemType="StructureGroup" blueprintStatus="LocalItem" selected="true" exported="true">
        <Item id="tcm:25-346-4" title="news" itemType="StructureGroup" blueprintStatus="LocalItem" selected="true" exported="true">
          <Item id="tcm:25-2996-64" title="Dynamic%20Delivery%20released" extension="tpg" itemType="Page" blueprintStatus="LocalItem" selected="true" exported="true" />
          <Item id="tcm:25-2997-64" title="Quickstart%20updated" extension="tpg" itemType="Page" blueprintStatus="LocalItem" selected="true" exported="true" />
        </Item>
        <Item id="tcm:25-2998-64" title="Homepage" extension="tpg" itemType="Page" blueprintStatus="LocalItem" selected="true" exported="true" />
      </Item>
      <Item id="tcm:25-16-131074" title="Task%20Process" extension="tpd" itemType="ProcessDefinition" blueprintStatus="LocalItem" selected="true" exported="true" />
    </Item>
    <Item id="tcm:0-13-65544" title="Bitmap%20image" extension="tmt" itemType="MultimediaType" selected="false" exported="true" />
    <Item id="tcm:0-21-65544" title="Configuration%20settings" extension="tmt" itemType="MultimediaType" selected="false" exported="true" />
    <Item id="cd276cbbf8934c4eb82607a826303697" title="Everyone" extension="tgp" itemType="Group" selected="false" exported="false" />
    <Item id="tcm:0-5-65544" title="Excel%20sheet" extension="tmt" itemType="MultimediaType" selected="false" exported="true" />
    <Item id="tcm:0-11-65544" title="Executable" extension="tmt" itemType="MultimediaType" selected="false" exported="true" />
    <Item id="tcm:0-18-65544" title="Flash%20file" extension="tmt" itemType="MultimediaType" selected="false" exported="true" />
    <Item id="tcm:0-1-65544" title="Gif%20image" extension="tmt" itemType="MultimediaType" selected="false" exported="true" />
    <Item id="tcm:0-20-65544" title="Java%20script" extension="tmt" itemType="MultimediaType" selected="false" exported="true" />
    <Item id="tcm:0-2-65544" title="Jpeg%20image" extension="tmt" itemType="MultimediaType" selected="false" exported="true" />
    <Item id="tcm:0-12-65544" title="MSAccess%20database" extension="tmt" itemType="MultimediaType" selected="false" exported="true" />
    <Item id="tcm:0-16-65544" title="Mp3%20music" extension="tmt" itemType="MultimediaType" selected="false" exported="true" />
    <Item id="tcm:0-17-65544" title="Mpeg%20video" extension="tmt" itemType="MultimediaType" selected="false" exported="true" />
    <Item id="tcm:0-7-65544" title="Pdf%20document" extension="tmt" itemType="MultimediaType" selected="false" exported="true" />
    <Item id="tcm:0-9-65544" title="Plain%20text" extension="tmt" itemType="MultimediaType" selected="false" exported="true" />
    <Item id="tcm:0-3-65544" title="Png%20image" extension="tmt" itemType="MultimediaType" selected="false" exported="true" />
    <Item id="tcm:0-6-65544" title="Powerpoint%20presentation" extension="tmt" itemType="MultimediaType" selected="false" exported="true" />
    <Item id="tcm:0-15-65544" title="QuickTime%20movie" extension="tmt" itemType="MultimediaType" selected="false" exported="true" />
    <Item id="tcm:0-14-65544" title="Real%20player" extension="tmt" itemType="MultimediaType" selected="false" exported="true" />
    <Item id="tcm:0-10-65544" title="Rich%20text" extension="tmt" itemType="MultimediaType" selected="false" exported="true" />
    <Item id="tcm:0-8-65544" title="Sound%20file" extension="tmt" itemType="MultimediaType" selected="false" exported="true" />
    <Item id="tcm:0-4-65544" title="Word%20document" extension="tmt" itemType="MultimediaType" selected="false" exported="true" />
    <Item id="tcm:0-22-65544" title="Zip" extension="tmt" itemType="MultimediaType" selected="false" exported="true" />
  </Item>
</Index>