<Mappings xmlns="http://www.sdltridion.com/ContentManager/ImportExport/Package/2013">
  <ItemSet role="Publication">
    <Mapping exportTitle="Dynamic%20Delivery%20Example%20Site" importTitle="" />
  </ItemSet>
  <ItemSet role="Folder">
    <Mapping exportContext="/Dynamic%20Delivery%20Example%20Site" exportTitle="Building%20Blocks" importContext="" importTitle="" />
    <Mapping exportContext="/Dynamic%20Delivery%20Example%20Site/Building%20Blocks" exportTitle="Content" importContext="" importTitle="" />
    <Mapping exportContext="/Dynamic%20Delivery%20Example%20Site/Building%20Blocks" exportTitle="Default%20Templates" importContext="" importTitle="" />
    <Mapping exportContext="/Dynamic%20Delivery%20Example%20Site/Building%20Blocks/Default%20Templates" exportTitle="Outbound%20E-mail" importContext="" importTitle="" />
    <Mapping exportContext="/Dynamic%20Delivery%20Example%20Site/Building%20Blocks" exportTitle="System" importContext="" importTitle="" />
    <Mapping exportContext="/Dynamic%20Delivery%20Example%20Site/Building%20Blocks/System" exportTitle="Component%20Templates" importContext="" importTitle="" />
    <Mapping exportContext="/Dynamic%20Delivery%20Example%20Site/Building%20Blocks/System" exportTitle="Page%20Templates" importContext="" importTitle="" />
    <Mapping exportContext="/Dynamic%20Delivery%20Example%20Site/Building%20Blocks/System" exportTitle="Schemas" importContext="" importTitle="" />
    <Mapping exportContext="/Dynamic%20Delivery%20Example%20Site/Building%20Blocks/System/Schemas" exportTitle="Application" importContext="" importTitle="" />
    <Mapping exportContext="/Dynamic%20Delivery%20Example%20Site/Building%20Blocks/System/Schemas" exportTitle="Content" importContext="" importTitle="" />
    <Mapping exportContext="/Dynamic%20Delivery%20Example%20Site/Building%20Blocks/System/Schemas" exportTitle="Metadata" importContext="" importTitle="" />
    <Mapping exportContext="/Dynamic%20Delivery%20Example%20Site/Building%20Blocks/System/Schemas" exportTitle="Parameter" importContext="" importTitle="" />
    <Mapping exportContext="/Dynamic%20Delivery%20Example%20Site/Building%20Blocks/System" exportTitle="Template%20Building%20Blocks" importContext="" importTitle="" />
    <Mapping exportContext="/Dynamic%20Delivery%20Example%20Site/Building%20Blocks/System/Template%20Building%20Blocks" exportTitle="DD4T%20Publishing" importContext="" importTitle="" />
  </ItemSet>
  <ItemSet role="StructureGroup">
    <Mapping exportContext="/Dynamic%20Delivery%20Example%20Site" exportTitle="Root" importContext="" importTitle="" />
    <Mapping exportContext="/Dynamic%20Delivery%20Example%20Site/Root" exportTitle="news" importContext="" importTitle="" />
  </ItemSet>
  <ItemSet role="Schema">
    <Mapping exportContext="/Dynamic%20Delivery%20Example%20Site/Building%20Blocks" exportTitle="Default%20Multimedia%20Schema.xsd" importContext="" importTitle="" />
    <Mapping exportContext="/Dynamic%20Delivery%20Example%20Site/Building%20Blocks/Default%20Templates" exportTitle="Component%20Query.xsd" importContext="" importTitle="" />
    <Mapping exportContext="/Dynamic%20Delivery%20Example%20Site/Building%20Blocks/Default%20Templates" exportTitle="Convert%20Html%20to%20Xml.xsd" importContext="" importTitle="" />
    <Mapping exportContext="/Dynamic%20Delivery%20Example%20Site/Building%20Blocks/Default%20Templates" exportTitle="Convert%20Xml%20to%20Html%20Parameters%20Schema.xsd" importContext="" importTitle="" />
    <Mapping exportContext="/Dynamic%20Delivery%20Example%20Site/Building%20Blocks/Default%20Templates" exportTitle="Convert%20Xml%20to%20Html.xsd" importContext="" importTitle="" />
    <Mapping exportContext="/Dynamic%20Delivery%20Example%20Site/Building%20Blocks/Default%20Templates" exportTitle="Default%20Finish%20Actions%20Parameter%20Schema.xsd" importContext="" importTitle="" />
    <Mapping exportContext="/Dynamic%20Delivery%20Example%20Site/Building%20Blocks/Default%20Templates" exportTitle="Default%20Finish%20Actions.xsd" importContext="" importTitle="" />
    <Mapping exportContext="/Dynamic%20Delivery%20Example%20Site/Building%20Blocks/Default%20Templates" exportTitle="Default%20Template%20Building%20Block%20Parameter%20Schema.xsd" importContext="" importTitle="" />
    <Mapping exportContext="/Dynamic%20Delivery%20Example%20Site/Building%20Blocks/Default%20Templates" exportTitle="Dreamweaver%20Region%20Selection%20Parameter%20Schema.xsd" importContext="" importTitle="" />
    <Mapping exportContext="/Dynamic%20Delivery%20Example%20Site/Building%20Blocks/Default%20Templates" exportTitle="Dreamweaver%20Region%20Selection.xsd" importContext="" importTitle="" />
    <Mapping exportContext="/Dynamic%20Delivery%20Example%20Site/Building%20Blocks/Default%20Templates" exportTitle="Enable%20inline%20editing%20for%20content.xsd" importContext="" importTitle="" />
    <Mapping exportContext="/Dynamic%20Delivery%20Example%20Site/Building%20Blocks/Default%20Templates" exportTitle="Enable%20inline%20editing%20for%20Page.xsd" importContext="" importTitle="" />
    <Mapping exportContext="/Dynamic%20Delivery%20Example%20Site/Building%20Blocks/Default%20Templates" exportTitle="Extract%20Binaries%20from%20Html.xsd" importContext="" importTitle="" />
    <Mapping exportContext="/Dynamic%20Delivery%20Example%20Site/Building%20Blocks/Default%20Templates" exportTitle="Image%20Resizer.xsd" importContext="" importTitle="" />
    <Mapping exportContext="/Dynamic%20Delivery%20Example%20Site/Building%20Blocks/Default%20Templates" exportTitle="Link%20Resolver%20Parameters%20Schema.xsd" importContext="" importTitle="" />
    <Mapping exportContext="/Dynamic%20Delivery%20Example%20Site/Building%20Blocks/Default%20Templates" exportTitle="Link%20Resolver.xsd" importContext="" importTitle="" />
    <Mapping exportContext="/Dynamic%20Delivery%20Example%20Site/Building%20Blocks/Default%20Templates/Outbound%20E-mail" exportTitle="Generate%20Plain%20Text%20E-mail.xsd" importContext="" importTitle="" />
    <Mapping exportContext="/Dynamic%20Delivery%20Example%20Site/Building%20Blocks/Default%20Templates/Outbound%20E-mail" exportTitle="Outbound%20E-mail%20Post-processing.xsd" importContext="" importTitle="" />
    <Mapping exportContext="/Dynamic%20Delivery%20Example%20Site/Building%20Blocks/Default%20Templates/Outbound%20E-mail" exportTitle="Outbound%20E-mail%20Pre-processing.xsd" importContext="" importTitle="" />
    <Mapping exportContext="/Dynamic%20Delivery%20Example%20Site/Building%20Blocks/Default%20Templates" exportTitle="Publish%20Binaries%20in%20Package%20Parameters%20Schema.xsd" importContext="" importTitle="" />
    <Mapping exportContext="/Dynamic%20Delivery%20Example%20Site/Building%20Blocks/Default%20Templates" exportTitle="Publish%20Binaries%20in%20Package.xsd" importContext="" importTitle="" />
    <Mapping exportContext="/Dynamic%20Delivery%20Example%20Site/Building%20Blocks/System/Schemas/Application" exportTitle="newslist.xsd" importContext="" importTitle="" />
    <Mapping exportContext="/Dynamic%20Delivery%20Example%20Site/Building%20Blocks/System/Schemas/Content" exportTitle="Article.xsd" importContext="" importTitle="" />
    <Mapping exportContext="/Dynamic%20Delivery%20Example%20Site/Building%20Blocks/System/Schemas/Content" exportTitle="News.xsd" importContext="" importTitle="" />
    <Mapping exportContext="/Dynamic%20Delivery%20Example%20Site/Building%20Blocks/System/Schemas/Metadata" exportTitle="Component%20Template%20Metadata.xsd" importContext="" importTitle="" />
    <Mapping exportContext="/Dynamic%20Delivery%20Example%20Site/Building%20Blocks/System/Schemas/Metadata" exportTitle="Page%20Template%20Metadata.xsd" importContext="" importTitle="" />
    <Mapping exportContext="/Dynamic%20Delivery%20Example%20Site/Building%20Blocks/System/Schemas/Parameter" exportTitle="Dynamic%20Delivery%20Parameter%20Schema.xsd" importContext="" importTitle="" />
    <Mapping exportContext="/Dynamic%20Delivery%20Example%20Site/Building%20Blocks/System/Template%20Building%20Blocks/DD4T%20Publishing" exportTitle="Add%20inherited%20metadata%20to%20component.xsd" importContext="" importTitle="" />
    <Mapping exportContext="/Dynamic%20Delivery%20Example%20Site/Building%20Blocks/System/Template%20Building%20Blocks/DD4T%20Publishing" exportTitle="Add%20inherited%20metadata%20to%20page.xsd" importContext="" importTitle="" />
    <Mapping exportContext="/Dynamic%20Delivery%20Example%20Site/Building%20Blocks/System/Template%20Building%20Blocks/DD4T%20Publishing" exportTitle="Generate%20dynamic%20component.xsd" importContext="" importTitle="" />
    <Mapping exportContext="/Dynamic%20Delivery%20Example%20Site/Building%20Blocks/System/Template%20Building%20Blocks/DD4T%20Publishing" exportTitle="Generate%20dynamic%20page.xsd" importContext="" importTitle="" />
    <Mapping exportContext="/Dynamic%20Delivery%20Example%20Site/Building%20Blocks/System/Template%20Building%20Blocks/DD4T%20Publishing" exportTitle="Publish%20binaries%20for%20component.xsd" importContext="" importTitle="" />
    <Mapping exportContext="/Dynamic%20Delivery%20Example%20Site/Building%20Blocks/System/Template%20Building%20Blocks/DD4T%20Publishing" exportTitle="Publish%20binaries%20for%20page.xsd" importContext="" importTitle="" />
  </ItemSet>
  <ItemSet role="Component">
    <Mapping exportContext="/Dynamic%20Delivery%20Example%20Site/Building%20Blocks/Content" exportTitle="Dynamic%20Delivery%20released.xml" importContext="" importTitle="" />
    <Mapping exportContext="/Dynamic%20Delivery%20Example%20Site/Building%20Blocks/Content" exportTitle="Homepage%20article.xml" importContext="" importTitle="" />
    <Mapping exportContext="/Dynamic%20Delivery%20Example%20Site/Building%20Blocks/Content" exportTitle="Keyboard%20cross%20processed.jpg" importContext="" importTitle="" />
    <Mapping exportContext="/Dynamic%20Delivery%20Example%20Site/Building%20Blocks/Content" exportTitle="Latest%20News%20Application.xml" importContext="" importTitle="" />
    <Mapping exportContext="/Dynamic%20Delivery%20Example%20Site/Building%20Blocks/Content" exportTitle="Quickstart%20for%20DD4T%20updated.xml" importContext="" importTitle="" />
  </ItemSet>
  <ItemSet role="ComponentTemplate">
    <Mapping exportContext="/Dynamic%20Delivery%20Example%20Site/Building%20Blocks/Default%20Templates" exportTitle="Default%20Component%20Template.tctcmp" importContext="" importTitle="" />
    <Mapping exportContext="/Dynamic%20Delivery%20Example%20Site/Building%20Blocks/System/Component%20Templates" exportTitle="Article%20(main).tctcmp" importContext="" importTitle="" />
    <Mapping exportContext="/Dynamic%20Delivery%20Example%20Site/Building%20Blocks/System/Component%20Templates" exportTitle="Article%20(side).tctcmp" importContext="" importTitle="" />
    <Mapping exportContext="/Dynamic%20Delivery%20Example%20Site/Building%20Blocks/System/Component%20Templates" exportTitle="News%20(main).tctcmp" importContext="" importTitle="" />
    <Mapping exportContext="/Dynamic%20Delivery%20Example%20Site/Building%20Blocks/System/Component%20Templates" exportTitle="News%20(side).tctcmp" importContext="" importTitle="" />
    <Mapping exportContext="/Dynamic%20Delivery%20Example%20Site/Building%20Blocks/System/Component%20Templates" exportTitle="Newslist%20(side).tctcmp" importContext="" importTitle="" />
  </ItemSet>
  <ItemSet role="Page">
    <Mapping exportContext="/Dynamic%20Delivery%20Example%20Site/Root" exportTitle="Homepage.tpg" importContext="" importTitle="" />
    <Mapping exportContext="/Dynamic%20Delivery%20Example%20Site/Root/news" exportTitle="Dynamic%20Delivery%20released.tpg" importContext="" importTitle="" />
    <Mapping exportContext="/Dynamic%20Delivery%20Example%20Site/Root/news" exportTitle="Quickstart%20updated.tpg" importContext="" importTitle="" />
  </ItemSet>
  <ItemSet role="PageTemplate">
    <Mapping exportContext="/Dynamic%20Delivery%20Example%20Site/Building%20Blocks/Default%20Templates" exportTitle="Default%20Page%20Template.tptcmp" importContext="" importTitle="" />
    <Mapping exportContext="/Dynamic%20Delivery%20Example%20Site/Building%20Blocks/System/Page%20Templates" exportTitle="Example%20page%20template.tptcmp" importContext="" importTitle="" />
  </ItemSet>
  <ItemSet role="TemplateBuildingBlock">
    <Mapping exportContext="/Dynamic%20Delivery%20Example%20Site/Building%20Blocks/Default%20Templates" exportTitle="Activate%20Tracking.tbbcs" importContext="" importTitle="" />
    <Mapping exportContext="/Dynamic%20Delivery%20Example%20Site/Building%20Blocks/Default%20Templates" exportTitle="Cleanup%20Template.tbbcs" importContext="" importTitle="" />
    <Mapping exportContext="/Dynamic%20Delivery%20Example%20Site/Building%20Blocks/Default%20Templates" exportTitle="Component%20Query.tbbcs" importContext="" importTitle="" />
    <Mapping exportContext="/Dynamic%20Delivery%20Example%20Site/Building%20Blocks/Default%20Templates" exportTitle="Convert%20Html%20to%20Xml.tbbcs" importContext="" importTitle="" />
    <Mapping exportContext="/Dynamic%20Delivery%20Example%20Site/Building%20Blocks/Default%20Templates" exportTitle="Convert%20Xml%20to%20Html.tbbcs" importContext="" importTitle="" />
    <Mapping exportContext="/Dynamic%20Delivery%20Example%20Site/Building%20Blocks/Default%20Templates" exportTitle="Default%20Dreamweaver%20Component%20Design.dwt" importContext="" importTitle="" />
    <Mapping exportContext="/Dynamic%20Delivery%20Example%20Site/Building%20Blocks/Default%20Templates" exportTitle="Default%20Dreamweaver%20Page%20Design.dwt" importContext="" importTitle="" />
    <Mapping exportContext="/Dynamic%20Delivery%20Example%20Site/Building%20Blocks/Default%20Templates" exportTitle="Default%20Finish%20Actions.tbbcmp" importContext="" importTitle="" />
    <Mapping exportContext="/Dynamic%20Delivery%20Example%20Site/Building%20Blocks/Default%20Templates" exportTitle="Default%20Template%20Building%20Block.tbbcmp" importContext="" importTitle="" />
    <Mapping exportContext="/Dynamic%20Delivery%20Example%20Site/Building%20Blocks/Default%20Templates" exportTitle="Enable%20inline%20editing%20for%20content.tbbcs" importContext="" importTitle="" />
    <Mapping exportContext="/Dynamic%20Delivery%20Example%20Site/Building%20Blocks/Default%20Templates" exportTitle="Enable%20inline%20editing%20for%20Page.tbbcs" importContext="" importTitle="" />
    <Mapping exportContext="/Dynamic%20Delivery%20Example%20Site/Building%20Blocks/Default%20Templates" exportTitle="Extract%20Binaries%20from%20Html.tbbcs" importContext="" importTitle="" />
    <Mapping exportContext="/Dynamic%20Delivery%20Example%20Site/Building%20Blocks/Default%20Templates" exportTitle="Extract%20Components%20from%20Page.tbbcs" importContext="" importTitle="" />
    <Mapping exportContext="/Dynamic%20Delivery%20Example%20Site/Building%20Blocks/Default%20Templates" exportTitle="Image%20Resizer.tbbcs" importContext="" importTitle="" />
    <Mapping exportContext="/Dynamic%20Delivery%20Example%20Site/Building%20Blocks/Default%20Templates" exportTitle="Link%20Resolver.tbbcs" importContext="" importTitle="" />
    <Mapping exportContext="/Dynamic%20Delivery%20Example%20Site/Building%20Blocks/Default%20Templates/Outbound%20E-mail" exportTitle="Generate%20Plain%20Text%20E-mail.tbbcs" importContext="" importTitle="" />
    <Mapping exportContext="/Dynamic%20Delivery%20Example%20Site/Building%20Blocks/Default%20Templates/Outbound%20E-mail" exportTitle="Outbound%20E-mail%20Post-processing.tbbcs" importContext="" importTitle="" />
    <Mapping exportContext="/Dynamic%20Delivery%20Example%20Site/Building%20Blocks/Default%20Templates/Outbound%20E-mail" exportTitle="Outbound%20E-mail%20Pre-processing.tbbcs" importContext="" importTitle="" />
    <Mapping exportContext="/Dynamic%20Delivery%20Example%20Site/Building%20Blocks/Default%20Templates/Outbound%20E-mail" exportTitle="Set%20Output%20Item%20By%20Email%20Mode.tbbcs" importContext="" importTitle="" />
    <Mapping exportContext="/Dynamic%20Delivery%20Example%20Site/Building%20Blocks/Default%20Templates/Outbound%20E-mail" exportTitle="Tridion%2EOutboundEmail%2ETemplating%2ETemplates.tbbasm" importContext="" importTitle="" />
    <Mapping exportContext="/Dynamic%20Delivery%20Example%20Site/Building%20Blocks/Default%20Templates" exportTitle="Publish%20Binaries%20in%20Package.tbbcs" importContext="" importTitle="" />
    <Mapping exportContext="/Dynamic%20Delivery%20Example%20Site/Building%20Blocks/Default%20Templates" exportTitle="Sample%20XSLT%20Component%20Design.xslt" importContext="" importTitle="" />
    <Mapping exportContext="/Dynamic%20Delivery%20Example%20Site/Building%20Blocks/Default%20Templates" exportTitle="Target%20Group%20Personalization.tbbcs" importContext="" importTitle="" />
    <Mapping exportContext="/Dynamic%20Delivery%20Example%20Site/Building%20Blocks/Default%20Templates" exportTitle="Tridion%2ESiteEdit%2ETemplating.tbbasm" importContext="" importTitle="" />
    <Mapping exportContext="/Dynamic%20Delivery%20Example%20Site/Building%20Blocks/System/Template%20Building%20Blocks/DD4T%20Publishing" exportTitle="Add%20inherited%20metadata%20to%20component.tbbcs" importContext="" importTitle="" />
    <Mapping exportContext="/Dynamic%20Delivery%20Example%20Site/Building%20Blocks/System/Template%20Building%20Blocks/DD4T%20Publishing" exportTitle="Add%20inherited%20metadata%20to%20page.tbbcs" importContext="" importTitle="" />
    <Mapping exportContext="/Dynamic%20Delivery%20Example%20Site/Building%20Blocks/System/Template%20Building%20Blocks/DD4T%20Publishing" exportTitle="Convert%20to%20lower%20case.tbbcs" importContext="" importTitle="" />
    <Mapping exportContext="/Dynamic%20Delivery%20Example%20Site/Building%20Blocks/System/Template%20Building%20Blocks/DD4T%20Publishing" exportTitle="Convert%20XML%20to%20Java.tbbcs" importContext="" importTitle="" />
    <Mapping exportContext="/Dynamic%20Delivery%20Example%20Site/Building%20Blocks/System/Template%20Building%20Blocks/DD4T%20Publishing" exportTitle="DD4T%2ETemplates%2Emerged.tbbasm" importContext="" importTitle="" />
    <Mapping exportContext="/Dynamic%20Delivery%20Example%20Site/Building%20Blocks/System/Template%20Building%20Blocks/DD4T%20Publishing" exportTitle="Generate%20dynamic%20component.tbbcs" importContext="" importTitle="" />
    <Mapping exportContext="/Dynamic%20Delivery%20Example%20Site/Building%20Blocks/System/Template%20Building%20Blocks/DD4T%20Publishing" exportTitle="Generate%20dynamic%20page.tbbcs" importContext="" importTitle="" />
    <Mapping exportContext="/Dynamic%20Delivery%20Example%20Site/Building%20Blocks/System/Template%20Building%20Blocks/DD4T%20Publishing" exportTitle="Generate%20Resources.tbbcs" importContext="" importTitle="" />
    <Mapping exportContext="/Dynamic%20Delivery%20Example%20Site/Building%20Blocks/System/Template%20Building%20Blocks/DD4T%20Publishing" exportTitle="Minimize%20XML.tbbcs" importContext="" importTitle="" />
    <Mapping exportContext="/Dynamic%20Delivery%20Example%20Site/Building%20Blocks/System/Template%20Building%20Blocks/DD4T%20Publishing" exportTitle="Preview%20page.tbbcs" importContext="" importTitle="" />
    <Mapping exportContext="/Dynamic%20Delivery%20Example%20Site/Building%20Blocks/System/Template%20Building%20Blocks/DD4T%20Publishing" exportTitle="Publish%20binaries%20for%20component.tbbcs" importContext="" importTitle="" />
    <Mapping exportContext="/Dynamic%20Delivery%20Example%20Site/Building%20Blocks/System/Template%20Building%20Blocks/DD4T%20Publishing" exportTitle="Publish%20binaries%20for%20page.tbbcs" importContext="" importTitle="" />
  </ItemSet>
  <ItemSet role="MultimediaType">
    <Mapping exportTitle="Bitmap%20image.tmt" importTitle="" />
    <Mapping exportTitle="Configuration%20settings.tmt" importTitle="" />
    <Mapping exportTitle="Excel%20sheet.tmt" importTitle="" />
    <Mapping exportTitle="Executable.tmt" importTitle="" />
    <Mapping exportTitle="Flash%20file.tmt" importTitle="" />
    <Mapping exportTitle="Gif%20image.tmt" importTitle="" />
    <Mapping exportTitle="Java%20script.tmt" importTitle="" />
    <Mapping exportTitle="Jpeg%20image.tmt" importTitle="" />
    <Mapping exportTitle="Mp3%20music.tmt" importTitle="" />
    <Mapping exportTitle="Mpeg%20video.tmt" importTitle="" />
    <Mapping exportTitle="MSAccess%20database.tmt" importTitle="" />
    <Mapping exportTitle="Pdf%20document.tmt" importTitle="" />
    <Mapping exportTitle="Plain%20text.tmt" importTitle="" />
    <Mapping exportTitle="Png%20image.tmt" importTitle="" />
    <Mapping exportTitle="Powerpoint%20presentation.tmt" importTitle="" />
    <Mapping exportTitle="QuickTime%20movie.tmt" importTitle="" />
    <Mapping exportTitle="Real%20player.tmt" importTitle="" />
    <Mapping exportTitle="Rich%20text.tmt" importTitle="" />
    <Mapping exportTitle="Sound%20file.tmt" importTitle="" />
    <Mapping exportTitle="Word%20document.tmt" importTitle="" />
    <Mapping exportTitle="Zip.tmt" importTitle="" />
  </ItemSet>
  <ItemSet role="Group">
    <Mapping exportTitle="Everyone.tgp" importTitle="" />
  </ItemSet>
  <ItemSet role="ProcessDefinition">
    <Mapping exportContext="/Dynamic%20Delivery%20Example%20Site" exportTitle="Task%20Process.tpd" importContext="" importTitle="" />
  </ItemSet>
</Mappings>