<PackageItem xmlns:tcm="http://www.tridion.com/ContentManager/5.0" xmlns:xlink="http://www.w3.org/1999/xlink" xmlns="http://www.sdltridion.com/ContentManager/ImportExport/Package/2013">
  <Data>
    <tcm:Data>
      <tcm:Title>Dynamic Delivery Example Site</tcm:Title>
      <tcm:PublicationPath>\dd4t</tcm:PublicationPath>
      <tcm:PublicationURL>/dd4t</tcm:PublicationURL>
      <tcm:MultimediaPath>\Images</tcm:MultimediaPath>
      <tcm:MultimediaURL>/Images</tcm:MultimediaURL>
      <tcm:DefaultPageTemplate xlink:type="simple" xlink:title="Example page template" xlink:href="/webdav/Dynamic%20Delivery%20Example%20Site/Building%20Blocks/System/Page%20Templates/Example%20page%20template.tptcmp" />
      <tcm:DefaultComponentTemplate xlink:type="simple" xlink:title="Article (main)" xlink:href="/webdav/Dynamic%20Delivery%20Example%20Site/Building%20Blocks/System/Component%20Templates/Article%20(main).tctcmp" />
      <tcm:DefaultTemplateBuildingBlock xlink:type="simple" xlink:title="DD4T.Templates.merged" xlink:href="/webdav/Dynamic%20Delivery%20Example%20Site/Building%20Blocks/System/Template%20Building%20Blocks/DD4T%20Publishing/DD4T%2ETemplates%2Emerged.tbbasm" />
      <tcm:DefaultMultimediaSchema xlink:type="simple" xlink:title="Default Multimedia Schema" xlink:href="/webdav/Dynamic%20Delivery%20Example%20Site/Building%20Blocks/Default%20Multimedia%20Schema.xsd" />
      <tcm:ParentPublications />
      <tcm:PageTemplateProcess xlink:type="simple" xlink:title="" xlink:href="tcm:0-0-0" />
      <tcm:ComponentTemplateProcess xlink:type="simple" xlink:title="" xlink:href="tcm:0-0-0" />
      <tcm:TaskProcess xlink:type="simple" xlink:title="Task Process" xlink:href="tcm:25-16-131074" />
      <tcm:TemplateBundleProcess xlink:type="simple" xlink:title="" xlink:href="tcm:0-0-0" />
      <tcm:ComponentSnapshotTemplate xlink:type="simple" xlink:title="Default Component Template" xlink:href="/webdav/Dynamic%20Delivery%20Example%20Site/Building%20Blocks/Default%20Templates/Default%20Component%20Template.tctcmp" />
      <tcm:PageSnapshotTemplate xlink:type="simple" xlink:title="" xlink:href="tcm:0-0-0" />
      <tcm:ShareProcessAssociations>false</tcm:ShareProcessAssociations>
      <tcm:MetadataSchema xlink:type="simple" xlink:title="" xlink:href="tcm:0-0-0" />
      <tcm:Metadata />
      <tcm:CategoriesXSD>
        <xsd:schema xmlns:xlink="http://www.w3.org/1999/xlink" xmlns:category="tcm:0-25-1/Categories.xsd" xmlns:xsd="http://www.w3.org/2001/XMLSchema" targetNamespace="tcm:0-25-1/Categories.xsd">
          <xsd:import namespace="http://www.w3.org/1999/xlink" schemaLocation="/webdav/cm_lnk.xsd" />
          <xsd:attribute name="CategoryURI" type="xsd:anyURI" />
        </xsd:schema>
      </tcm:CategoriesXSD>
      <tcm:PublicationType>Web</tcm:PublicationType>
      <tcm:Key>DynamicDeliveryExampleSite</tcm:Key>
    </tcm:Data>
  </Data>
  <Dependencies>
    <Dependency dependencyType="ComponentSnapshotTemplate" itemUrl="/webdav/Dynamic%20Delivery%20Example%20Site/Building%20Blocks/Default%20Templates/Default%20Component%20Template.tctcmp" linkName="ComponentSnapshotTemplate" />
    <Dependency dependencyType="DefaultComponentTemplate" itemUrl="/webdav/Dynamic%20Delivery%20Example%20Site/Building%20Blocks/System/Component%20Templates/Article%20(main).tctcmp" linkName="DefaultComponentTemplate" />
    <Dependency dependencyType="DefaultMultimediaSchema" itemUrl="/webdav/Dynamic%20Delivery%20Example%20Site/Building%20Blocks/Default%20Multimedia%20Schema.xsd" linkName="DefaultMultimediaSchema" />
    <Dependency dependencyType="DefaultPageTemplate" itemUrl="/webdav/Dynamic%20Delivery%20Example%20Site/Building%20Blocks/System/Page%20Templates/Example%20page%20template.tptcmp" linkName="DefaultPageTemplate" />
    <Dependency dependencyType="DefaultTemplateBuildingBlock" itemUrl="/webdav/Dynamic%20Delivery%20Example%20Site/Building%20Blocks/System/Template%20Building%20Blocks/DD4T%20Publishing/DD4T%2ETemplates%2Emerged.tbbasm" linkName="DefaultTemplateBuildingBlock" />
    <Dependency dependencyType="TaskProcess" itemUrl="/webdav/Dynamic%20Delivery%20Example%20Site//Task%20Process.tpd" linkName="TaskProcess" />
  </Dependencies>
</PackageItem>