<tcccp:Item xmlns:tcccp="http://www.tridion.com/ContentManager/5.2/ImportExport"><tcccp:BlueprintParentUrl></tcccp:BlueprintParentUrl><tcccp:PrimaryBlueprintParentUrl></tcccp:PrimaryBlueprintParentUrl><tcccp:BinaryFileLocation></tcccp:BinaryFileLocation><tcm:Data xmlns:tcm="http://www.tridion.com/ContentManager/5.0" xmlns:xlink="http://www.w3.org/1999/xlink" xmlns:i="http://www.w3.org/2001/XMLSchema-instance" xmlns:transform-ext="urn:tridion:transform-ext"><tcm:Title>Article</tcm:Title><tcm:Description>Article</tcm:Description><tcm:Purpose>Component</tcm:Purpose><tcm:NamespaceURI>uuid:755bc2b9-999f-44f4-a8d4-316dfa3621de</tcm:NamespaceURI><tcm:RootElementName>Content</tcm:RootElementName><tcm:IsTridionWebSchema>false</tcm:IsTridionWebSchema><tcm:XSD><xsd:schema targetNamespace="uuid:755bc2b9-999f-44f4-a8d4-316dfa3621de" elementFormDefault="qualified" xmlns:xsd="http://www.w3.org/2001/XMLSchema" xmlns:tcmi="http://www.tridion.com/ContentManager/5.0/Instance" xmlns="uuid:755bc2b9-999f-44f4-a8d4-316dfa3621de"><xsd:annotation><xsd:appinfo><tcm:Labels xmlns:tcm="http://www.tridion.com/ContentManager/5.0"><tcm:Label ElementName="title" Metadata="false">Title</tcm:Label><tcm:Label ElementName="introduction" Metadata="false">Introduction</tcm:Label><tcm:Label ElementName="paragraph" Metadata="false">Paragraph</tcm:Label></tcm:Labels></xsd:appinfo></xsd:annotation><xsd:import namespace="http://www.tridion.com/ContentManager/5.0/Instance" schemaLocation="/webdav/cm_xml_inst.xsd" /><xsd:element name="Content"><xsd:complexType><xsd:sequence><xsd:element name="title" minOccurs="1" maxOccurs="1" type="xsd:normalizedString"><xsd:annotation><xsd:appinfo><tcm:Size xmlns:tcm="http://www.tridion.com/ContentManager/5.0">1</tcm:Size></xsd:appinfo></xsd:annotation></xsd:element><xsd:element name="introduction" minOccurs="1" maxOccurs="1" type="tcmi:MultiLineText"><xsd:annotation><xsd:appinfo><tcm:Size xmlns:tcm="http://www.tridion.com/ContentManager/5.0">5</tcm:Size></xsd:appinfo></xsd:annotation></xsd:element><xsd:element name="paragraph" minOccurs="1" maxOccurs="unbounded" type="tcmi:XHTML"><xsd:annotation><xsd:appinfo><tcm:Size xmlns:tcm="http://www.tridion.com/ContentManager/5.0">10</tcm:Size><tcm:FilterXSLT xmlns:tcm="http://www.tridion.com/ContentManager/5.0"><xsl:stylesheet version="1.0" xmlns:xsl="http://www.w3.org/1999/XSL/Transform"><xsl:output omit-xml-declaration="yes" method="xml" cdata-section-elements="script" /><xsl:template name="FormattingFeatures"><FormattingFeatures xmlns="http://www.tridion.com/ContentManager/5.2/FormatArea"><Doctype>Strict</Doctype><AccessibilityLevel>3</AccessibilityLevel><DisallowedActions><Underline /><Strikethrough /><Subscript /><Superscript /><AlignLeft /><Center /><AlignRight /><Font /><Background /><TableHeight /><TableHAlign /><TableBackground /><TableCellWidth /><TableCellHeight /><TableCellBackground /></DisallowedActions><DisallowedStyles /></FormattingFeatures></xsl:template><xsl:template match="/ | node() | @*"><xsl:copy><xsl:apply-templates select="node() | @*" /></xsl:copy></xsl:template><xsl:template match="/body[not(processing-instruction() or comment() or normalize-space(translate(., ' ', '')) != '' or       *[@* or * or comment() or processing-instruction() or not(self::p or self::br)])]"><!-- make an empty <body> if all the body has is empty paragraphs, line-breaks and (non-breaking) spaces --><xsl:copy /></xsl:template><xsl:template match="p[not(@* or * or comment() or processing-instruction() or normalize-space(translate(., ' ', '')) != '' or       following-sibling::node()[@* or * or comment() or processing-instruction() or not(self::p or self::text()) or normalize-space(translate(., ' ', '')) != ''])]"><!-- ignore all paragraphs at the end that have nothing but (non-breaking) spaces --></xsl:template></xsl:stylesheet></tcm:FilterXSLT></xsd:appinfo></xsd:annotation></xsd:element></xsd:sequence></xsd:complexType></xsd:element></xsd:schema></tcm:XSD><tcm:AllowedMultimediaTypes /><tcm:ComponentProcess xlink:type="simple" xlink:title="" xlink:href="tcm:0-0-0" /></tcm:Data><tcccp:Dependencies><tcccp:Dependency itemUrl="/webdav/Dynamic%20Delivery" mandatory="true" xpath="" itemType="Publication" dependencyType="Publication" /><tcccp:Dependency itemUrl="/webdav/Dynamic%20Delivery/Building%20Blocks/System/Schemas" mandatory="true" xpath="" itemType="Folder" dependencyType="OrganizationalItemFolder" /><tcccp:Dependency itemUrl="tcm:0-0-0" itemType="ProcessDefinition" dependencyType="ComponentProcess" mandatory="true" xpath="tcm:Data/tcm:ComponentProcess/@xlink:href" /></tcccp:Dependencies></tcccp:Item>