<PackageItem xmlns:tcm="http://www.tridion.com/ContentManager/5.0" xmlns:xlink="http://www.w3.org/1999/xlink" xmlns="http://www.sdltridion.com/ContentManager/ImportExport/Package/2013">
  <Data>
    <tcm:Data>
      <tcm:Title>news</tcm:Title>
      <tcm:DefaultPageTemplate IsInherited="true" xlink:type="simple" xlink:title="Example page template" xlink:href="/webdav/Dynamic%20Delivery%20Example%20Site/Building%20Blocks/System/Page%20Templates/Example%20page%20template.tptcmp" />
      <tcm:Directory IsMandatory="true">news</tcm:Directory>
      <tcm:IsActive ResolvedValue="true">true</tcm:IsActive>
      <tcm:PageProcess xlink:type="simple" xlink:title="" xlink:href="tcm:0-0-0" />
      <tcm:PageBundleProcess xlink:type="simple" xlink:title="" xlink:href="tcm:0-0-0" />
      <tcm:MetadataSchema xlink:type="simple" xlink:title="" xlink:href="tcm:0-0-0" />
      <tcm:Metadata />
    </tcm:Data>
  </Data>
  <Dependencies>
    <Dependency dependencyType="Publication" itemUrl="/webdav/Dynamic%20Delivery%20Example%20Site" linkName="LocationInfo/ContextRepository" />
    <Dependency dependencyType="OrganizationalItemStructureGroup" itemUrl="/webdav/Dynamic%20Delivery%20Example%20Site/Root" linkName="LocationInfo/OrganizationalItem" />
    <Dependency dependencyType="DefaultPageTemplate" itemUrl="/webdav/Dynamic%20Delivery%20Example%20Site/Building%20Blocks/System/Page%20Templates/Example%20page%20template.tptcmp" linkName="DefaultPageTemplate" />
  </Dependencies>
</PackageItem>