<tcccp:Item xmlns:tcccp="http://www.tridion.com/ContentManager/5.2/ImportExport"><tcccp:BlueprintParentUrl></tcccp:BlueprintParentUrl><tcccp:PrimaryBlueprintParentUrl></tcccp:PrimaryBlueprintParentUrl><tcccp:BinaryFileLocation></tcccp:BinaryFileLocation><tcm:Data xmlns:tcm="http://www.tridion.com/ContentManager/5.0"><tcm:Title>Example page template</tcm:Title><tcm:Type>CompoundTemplate</tcm:Type><tcm:Content><tcm:PublisherScript>&lt;CompoundTemplate xmlns="http://www.tridion.com/ContentManager/5.3/CompoundTemplate"&gt;
  &lt;TemplateInvocation&gt;
    &lt;Template xlink:href="/webdav/Dynamic%20Delivery/Building%20Blocks/System/Template%20Building%20Blocks/Dynamic%20Delivery/Generate%20dynamic%20page.tbbcs" xmlns:xlink="http://www.w3.org/1999/xlink" xlink:title="Generate dynamic page" /&gt;
    &lt;TemplateParameters&gt;
      &lt;Parameters xmlns="uuid:7d6ae723-7902-4776-b933-6f1ae4ed4bf3"&gt;
        &lt;LinkLevels&gt;2&lt;/LinkLevels&gt;
        &lt;ResolveWidthAndHeight&gt;yes&lt;/ResolveWidthAndHeight&gt;
      &lt;/Parameters&gt;
    &lt;/TemplateParameters&gt;
  &lt;/TemplateInvocation&gt;
  &lt;TemplateInvocation&gt;
    &lt;Template xlink:href="/webdav/Dynamic%20Delivery/Building%20Blocks/System/Template%20Building%20Blocks/Dynamic%20Delivery/Add%20inherited%20metadata%20to%20page.tbbcs" xmlns:xlink="http://www.w3.org/1999/xlink" xlink:title="Add inherited metadata to page" /&gt;
    &lt;TemplateParameters&gt;&lt;/TemplateParameters&gt;
  &lt;/TemplateInvocation&gt;
  &lt;TemplateInvocation&gt;
    &lt;Template xlink:href="/webdav/Dynamic%20Delivery/Building%20Blocks/System/Template%20Building%20Blocks/Dynamic%20Delivery/Publish%20binaries%20for%20page.tbbcs" xmlns:xlink="http://www.w3.org/1999/xlink" xlink:title="Publish binaries for page" /&gt;
    &lt;TemplateParameters&gt;&lt;/TemplateParameters&gt;
  &lt;/TemplateInvocation&gt;
  &lt;TemplateInvocation&gt;
    &lt;Template xlink:href="/webdav/Dynamic%20Delivery/Building%20Blocks/System/Template%20Building%20Blocks/Dynamic%20Delivery/Convert%20to%20lower%20case.tbbcs" xmlns:xlink="http://www.w3.org/1999/xlink" xlink:title="Convert to lower case" /&gt;
    &lt;TemplateParameters&gt;&lt;/TemplateParameters&gt;
  &lt;/TemplateInvocation&gt;
  &lt;TemplateInvocation&gt;
    &lt;Template xlink:href="/webdav/Dynamic%20Delivery/Building%20Blocks/System/Template%20Building%20Blocks/Dynamic%20Delivery/Convert%20XML%20to%20Java.tbbcs" xmlns:xlink="http://www.w3.org/1999/xlink" xlink:title="Convert XML to Java" /&gt;
    &lt;TemplateParameters&gt;&lt;/TemplateParameters&gt;
  &lt;/TemplateInvocation&gt;
&lt;/CompoundTemplate&gt;</tcm:PublisherScript></tcm:Content><tcm:ApprovalStatus xmlns:xlink="http://www.w3.org/1999/xlink" xlink:type="simple" xlink:title="Undefined" xlink:href="tcm:0-0-0" /><tcm:MetadataSchema xmlns:xlink="http://www.w3.org/1999/xlink" xlink:type="simple" xlink:title="Page Template Metadata" xlink:href="/webdav/Dynamic%20Delivery/Building%20Blocks/System/Schemas/Metadata/Page%20Template%20Metadata.xsd" /><tcm:ParameterSchema xmlns:xlink="http://www.w3.org/1999/xlink" xlink:type="simple" xlink:title="" xlink:href="tcm:0-0-0" /><tcm:Metadata><Metadata xmlns="uuid:6e348662-5bd6-4721-bbcd-a5ede828aca1"><view>examplePage</view></Metadata></tcm:Metadata><tcm:FileExtension>html</tcm:FileExtension></tcm:Data><tcccp:Dependencies><tcccp:Dependency itemUrl="/webdav/Dynamic%20Delivery" mandatory="true" xpath="" itemType="Publication" dependencyType="Publication" /><tcccp:Dependency itemUrl="/webdav/Dynamic%20Delivery/Building%20Blocks/System/Page%20Templates" mandatory="true" xpath="" itemType="Folder" dependencyType="OrganizationalItemFolder" /><tcccp:Dependency itemUrl="tcm:0-0-0" mandatory="true" xpath="tcm:Data/tcm:ParameterSchema/@xlink:href" itemType="Schema" dependencyType="ParameterSchema" /><tcccp:Dependency itemUrl="/webdav/Dynamic%20Delivery/Building%20Blocks/System/Schemas/Metadata/Page%20Template%20Metadata.xsd" mandatory="true" xpath="tcm:Data/tcm:MetadataSchema/@xlink:href" itemType="Schema" dependencyType="MetadataSchema" /><tcccp:Dependency itemUrl="/webdav/Dynamic%20Delivery/Building%20Blocks/System/Template%20Building%20Blocks/Dynamic%20Delivery/Generate%20dynamic%20page.tbbcs" itemType="TemplateBuildingBlock" dependencyType="TemplateLinkedItem" mandatory="true" xpath="tcccp:TemplateReferences/tcccp:TemplateReference[1]" /><tcccp:Dependency itemUrl="/webdav/Dynamic%20Delivery/Building%20Blocks/System/Template%20Building%20Blocks/Dynamic%20Delivery/Add%20inherited%20metadata%20to%20page.tbbcs" itemType="TemplateBuildingBlock" dependencyType="TemplateLinkedItem" mandatory="true" xpath="tcccp:TemplateReferences/tcccp:TemplateReference[2]" /><tcccp:Dependency itemUrl="/webdav/Dynamic%20Delivery/Building%20Blocks/System/Template%20Building%20Blocks/Dynamic%20Delivery/Publish%20binaries%20for%20page.tbbcs" itemType="TemplateBuildingBlock" dependencyType="TemplateLinkedItem" mandatory="true" xpath="tcccp:TemplateReferences/tcccp:TemplateReference[3]" /><tcccp:Dependency itemUrl="/webdav/Dynamic%20Delivery/Building%20Blocks/System/Template%20Building%20Blocks/Dynamic%20Delivery/Convert%20to%20lower%20case.tbbcs" itemType="TemplateBuildingBlock" dependencyType="TemplateLinkedItem" mandatory="true" xpath="tcccp:TemplateReferences/tcccp:TemplateReference[4]" /><tcccp:Dependency itemUrl="/webdav/Dynamic%20Delivery/Building%20Blocks/System/Template%20Building%20Blocks/Dynamic%20Delivery/Convert%20XML%20to%20Java.tbbcs" itemType="TemplateBuildingBlock" dependencyType="TemplateLinkedItem" mandatory="true" xpath="tcccp:TemplateReferences/tcccp:TemplateReference[5]" /><tcccp:Dependency itemUrl="tcm:0-0-0" itemType="ApprovalStatus" dependencyType="ApprovalStatus" mandatory="true" xpath="tcm:Data/tcm:ApprovalStatus/@xlink:href" /></tcccp:Dependencies><tcccp:TemplateReferences><tcccp:TemplateReference isTcmReference="true" itemType="2048">/webdav/Dynamic%20Delivery/Building%20Blocks/System/Template%20Building%20Blocks/Dynamic%20Delivery/Generate%20dynamic%20page.tbbcs</tcccp:TemplateReference><tcccp:TemplateReference isTcmReference="true" itemType="2048">/webdav/Dynamic%20Delivery/Building%20Blocks/System/Template%20Building%20Blocks/Dynamic%20Delivery/Add%20inherited%20metadata%20to%20page.tbbcs</tcccp:TemplateReference><tcccp:TemplateReference isTcmReference="true" itemType="2048">/webdav/Dynamic%20Delivery/Building%20Blocks/System/Template%20Building%20Blocks/Dynamic%20Delivery/Publish%20binaries%20for%20page.tbbcs</tcccp:TemplateReference><tcccp:TemplateReference isTcmReference="true" itemType="2048">/webdav/Dynamic%20Delivery/Building%20Blocks/System/Template%20Building%20Blocks/Dynamic%20Delivery/Convert%20to%20lower%20case.tbbcs</tcccp:TemplateReference><tcccp:TemplateReference isTcmReference="true" itemType="2048">/webdav/Dynamic%20Delivery/Building%20Blocks/System/Template%20Building%20Blocks/Dynamic%20Delivery/Convert%20XML%20to%20Java.tbbcs</tcccp:TemplateReference></tcccp:TemplateReferences></tcccp:Item>