<tcccp:Item xmlns:tcccp="http://www.tridion.com/ContentManager/5.2/ImportExport"><tcccp:BlueprintParentUrl></tcccp:BlueprintParentUrl><tcccp:PrimaryBlueprintParentUrl></tcccp:PrimaryBlueprintParentUrl><tcccp:BinaryFileLocation></tcccp:BinaryFileLocation><tcm:Data xmlns:tcm="http://www.tridion.com/ContentManager/5.0" xmlns:xlink="http://www.w3.org/1999/xlink" xmlns:i="http://www.w3.org/2001/XMLSchema-instance" xmlns:transform-ext="urn:tridion:transform-ext"><tcm:Title>Default Multimedia Schema</tcm:Title><tcm:Description>Default Multimedia Schema</tcm:Description><tcm:Purpose>Multimedia</tcm:Purpose><tcm:NamespaceURI>http://www.tridion.com/ContentManager/5.0/DefaultMultimediaSchema</tcm:NamespaceURI><tcm:RootElementName /><tcm:IsTridionWebSchema>false</tcm:IsTridionWebSchema><tcm:XSD><xsd:schema targetNamespace="http://www.tridion.com/ContentManager/5.0/DefaultMultimediaSchema" elementFormDefault="qualified" xmlns:xsd="http://www.w3.org/2001/XMLSchema" xmlns="" /></tcm:XSD><tcm:AllowedMultimediaTypes><tcm:AllowedMultimediaType xlink:type="simple" xlink:title="Gif image" xlink:href="tcm:0-1-65544" /><tcm:AllowedMultimediaType xlink:type="simple" xlink:title="Jpeg image" xlink:href="tcm:0-2-65544" /><tcm:AllowedMultimediaType xlink:type="simple" xlink:title="Png image" xlink:href="tcm:0-3-65544" /><tcm:AllowedMultimediaType xlink:type="simple" xlink:title="Word document" xlink:href="tcm:0-4-65544" /><tcm:AllowedMultimediaType xlink:type="simple" xlink:title="Excel sheet" xlink:href="tcm:0-5-65544" /><tcm:AllowedMultimediaType xlink:type="simple" xlink:title="Powerpoint presentation" xlink:href="tcm:0-6-65544" /><tcm:AllowedMultimediaType xlink:type="simple" xlink:title="Pdf document" xlink:href="tcm:0-7-65544" /><tcm:AllowedMultimediaType xlink:type="simple" xlink:title="Sound file" xlink:href="tcm:0-8-65544" /><tcm:AllowedMultimediaType xlink:type="simple" xlink:title="Plain text" xlink:href="tcm:0-9-65544" /><tcm:AllowedMultimediaType xlink:type="simple" xlink:title="Rich text" xlink:href="tcm:0-10-65544" /><tcm:AllowedMultimediaType xlink:type="simple" xlink:title="Executable" xlink:href="tcm:0-11-65544" /><tcm:AllowedMultimediaType xlink:type="simple" xlink:title="MSAccess database" xlink:href="tcm:0-12-65544" /><tcm:AllowedMultimediaType xlink:type="simple" xlink:title="Bitmap image" xlink:href="tcm:0-13-65544" /><tcm:AllowedMultimediaType xlink:type="simple" xlink:title="Real player" xlink:href="tcm:0-14-65544" /><tcm:AllowedMultimediaType xlink:type="simple" xlink:title="QuickTime movie" xlink:href="tcm:0-15-65544" /><tcm:AllowedMultimediaType xlink:type="simple" xlink:title="Mp3 music" xlink:href="tcm:0-16-65544" /><tcm:AllowedMultimediaType xlink:type="simple" xlink:title="Mpeg video" xlink:href="tcm:0-17-65544" /><tcm:AllowedMultimediaType xlink:type="simple" xlink:title="Flash file" xlink:href="tcm:0-18-65544" /><tcm:AllowedMultimediaType xlink:type="simple" xlink:title="Java script" xlink:href="tcm:0-20-65544" /><tcm:AllowedMultimediaType xlink:type="simple" xlink:title="Configuration settings" xlink:href="tcm:0-21-65544" /><tcm:AllowedMultimediaType xlink:type="simple" xlink:title="Zip" xlink:href="tcm:0-22-65544" /></tcm:AllowedMultimediaTypes><tcm:ComponentProcess xlink:type="simple" xlink:title="" xlink:href="tcm:0-0-0" /></tcm:Data><tcccp:Dependencies><tcccp:Dependency itemUrl="/webdav/Dynamic%20Delivery%20Example%20Site" mandatory="true" xpath="" itemType="Publication" dependencyType="Publication" /><tcccp:Dependency itemUrl="/webdav/Dynamic%20Delivery%20Example%20Site/Building%20Blocks" mandatory="true" xpath="" itemType="Folder" dependencyType="OrganizationalItemFolder" /><tcccp:Dependency itemUrl="/webdav//Gif%20image.tmt" itemType="MultimediaType" dependencyType="AllowedMultimediaType" mandatory="true" xpath="tcm:Data/*[8]/*[1]/@xlink:href" /><tcccp:Dependency itemUrl="/webdav//Jpeg%20image.tmt" itemType="MultimediaType" dependencyType="AllowedMultimediaType" mandatory="true" xpath="tcm:Data/*[8]/*[2]/@xlink:href" /><tcccp:Dependency itemUrl="/webdav//Png%20image.tmt" itemType="MultimediaType" dependencyType="AllowedMultimediaType" mandatory="true" xpath="tcm:Data/*[8]/*[3]/@xlink:href" /><tcccp:Dependency itemUrl="/webdav//Word%20document.tmt" itemType="MultimediaType" dependencyType="AllowedMultimediaType" mandatory="true" xpath="tcm:Data/*[8]/*[4]/@xlink:href" /><tcccp:Dependency itemUrl="/webdav//Excel%20sheet.tmt" itemType="MultimediaType" dependencyType="AllowedMultimediaType" mandatory="true" xpath="tcm:Data/*[8]/*[5]/@xlink:href" /><tcccp:Dependency itemUrl="/webdav//Powerpoint%20presentation.tmt" itemType="MultimediaType" dependencyType="AllowedMultimediaType" mandatory="true" xpath="tcm:Data/*[8]/*[6]/@xlink:href" /><tcccp:Dependency itemUrl="/webdav//Pdf%20document.tmt" itemType="MultimediaType" dependencyType="AllowedMultimediaType" mandatory="true" xpath="tcm:Data/*[8]/*[7]/@xlink:href" /><tcccp:Dependency itemUrl="/webdav//Sound%20file.tmt" itemType="MultimediaType" dependencyType="AllowedMultimediaType" mandatory="true" xpath="tcm:Data/*[8]/*[8]/@xlink:href" /><tcccp:Dependency itemUrl="/webdav//Plain%20text.tmt" itemType="MultimediaType" dependencyType="AllowedMultimediaType" mandatory="true" xpath="tcm:Data/*[8]/*[9]/@xlink:href" /><tcccp:Dependency itemUrl="/webdav//Rich%20text.tmt" itemType="MultimediaType" dependencyType="AllowedMultimediaType" mandatory="true" xpath="tcm:Data/*[8]/*[10]/@xlink:href" /><tcccp:Dependency itemUrl="/webdav//Executable.tmt" itemType="MultimediaType" dependencyType="AllowedMultimediaType" mandatory="true" xpath="tcm:Data/*[8]/*[11]/@xlink:href" /><tcccp:Dependency itemUrl="/webdav//MSAccess%20database.tmt" itemType="MultimediaType" dependencyType="AllowedMultimediaType" mandatory="true" xpath="tcm:Data/*[8]/*[12]/@xlink:href" /><tcccp:Dependency itemUrl="/webdav//Bitmap%20image.tmt" itemType="MultimediaType" dependencyType="AllowedMultimediaType" mandatory="true" xpath="tcm:Data/*[8]/*[13]/@xlink:href" /><tcccp:Dependency itemUrl="/webdav//Real%20player.tmt" itemType="MultimediaType" dependencyType="AllowedMultimediaType" mandatory="true" xpath="tcm:Data/*[8]/*[14]/@xlink:href" /><tcccp:Dependency itemUrl="/webdav//QuickTime%20movie.tmt" itemType="MultimediaType" dependencyType="AllowedMultimediaType" mandatory="true" xpath="tcm:Data/*[8]/*[15]/@xlink:href" /><tcccp:Dependency itemUrl="/webdav//Mp3%20music.tmt" itemType="MultimediaType" dependencyType="AllowedMultimediaType" mandatory="true" xpath="tcm:Data/*[8]/*[16]/@xlink:href" /><tcccp:Dependency itemUrl="/webdav//Mpeg%20video.tmt" itemType="MultimediaType" dependencyType="AllowedMultimediaType" mandatory="true" xpath="tcm:Data/*[8]/*[17]/@xlink:href" /><tcccp:Dependency itemUrl="/webdav//Flash%20file.tmt" itemType="MultimediaType" dependencyType="AllowedMultimediaType" mandatory="true" xpath="tcm:Data/*[8]/*[18]/@xlink:href" /><tcccp:Dependency itemUrl="/webdav//Java%20script.tmt" itemType="MultimediaType" dependencyType="AllowedMultimediaType" mandatory="true" xpath="tcm:Data/*[8]/*[19]/@xlink:href" /><tcccp:Dependency itemUrl="/webdav//Configuration%20settings.tmt" itemType="MultimediaType" dependencyType="AllowedMultimediaType" mandatory="true" xpath="tcm:Data/*[8]/*[20]/@xlink:href" /><tcccp:Dependency itemUrl="/webdav//Zip.tmt" itemType="MultimediaType" dependencyType="AllowedMultimediaType" mandatory="true" xpath="tcm:Data/*[8]/*[21]/@xlink:href" /><tcccp:Dependency itemUrl="tcm:0-0-0" itemType="ProcessDefinition" dependencyType="ComponentProcess" mandatory="true" xpath="tcm:Data/tcm:ComponentProcess/@xlink:href" /></tcccp:Dependencies></tcccp:Item>