<tcccp:Item xmlns:tcccp="http://www.tridion.com/ContentManager/5.2/ImportExport"><tcccp:BlueprintParentUrl></tcccp:BlueprintParentUrl><tcccp:PrimaryBlueprintParentUrl></tcccp:PrimaryBlueprintParentUrl><tcccp:BinaryFileLocation></tcccp:BinaryFileLocation><tcm:Data xmlns:tcm="http://www.tridion.com/ContentManager/5.0"><tcm:Title>Homepage article</tcm:Title><tcm:Type>Normal</tcm:Type><tcm:Schema xmlns:xlink="http://www.w3.org/1999/xlink" xlink:type="simple" xlink:title="Article" xlink:href="/webdav/Dynamic%20Delivery%20Example%20Site/Building%20Blocks/System/Schemas/Content/Article.xsd" IsMandatory="false" /><tcm:Content><Content xmlns="uuid:755bc2b9-999f-44f4-a8d4-316dfa3621de"><title>Welcome to your first Dynamic Delivery website</title><introduction>Using dynamic delivery, you will be able to create dynamic, spring-based websites.</introduction><paragraph><p xmlns="http://www.w3.org/1999/xhtml">Yeah!
<br /><br />
Link to <a xlink:href="/webdav/Dynamic%20Delivery%20Example%20Site/Building%20Blocks/Content/Dynamic%20Delivery%20released.xml" title="Dynamic Delivery released" xmlns:xlink="http://www.w3.org/1999/xlink" xlink:title="Dynamic Delivery released">newsitem</a>.
<br /></p><p xmlns="http://www.w3.org/1999/xhtml">And an image too:
<br /><a xlink:href="/webdav/Dynamic%20Delivery%20Example%20Site/Building%20Blocks/Content/Keyboard%20cross%20processed.jpg" title="Keyboard cross processed" xmlns:xlink="http://www.w3.org/1999/xlink" xlink:title="Keyboard cross processed" /></p><p xmlns="http://www.w3.org/1999/xhtml"><a xlink:href="/webdav/Dynamic%20Delivery%20Example%20Site/Building%20Blocks/Content/Keyboard%20cross%20processed.jpg" title="Keyboard cross processed" xmlns:xlink="http://www.w3.org/1999/xlink" xlink:title="Keyboard cross processed" /><a xlink:href="/webdav/Dynamic%20Delivery%20Example%20Site/Building%20Blocks/Content/Keyboard%20cross%20processed.jpg" title="Keyboard cross processed" xmlns:xlink="http://www.w3.org/1999/xlink" xlink:title="Keyboard cross processed"><img style="width: 100px; height: 100px;" alt="Keyboard cross processed" title="Keyboard cross processed" xlink:href="/webdav/Dynamic%20Delivery%20Example%20Site/Building%20Blocks/Content/Keyboard%20cross%20processed.jpg" xlink:title="Keyboard cross processed" /></a></p></paragraph></Content></tcm:Content><tcm:Metadata /><tcm:ApprovalStatus xmlns:xlink="http://www.w3.org/1999/xlink" xlink:type="simple" xlink:title="Undefined" xlink:href="tcm:0-0-0" /><tcm:IsBasedOnTridionWebSchema>true</tcm:IsBasedOnTridionWebSchema><tcm:MultimediaType xmlns:xlink="http://www.w3.org/1999/xlink" xlink:type="simple" xlink:title="" xlink:href="tcm:0-0-0" /></tcm:Data><tcccp:Dependencies><tcccp:Dependency itemUrl="/webdav/Dynamic%20Delivery%20Example%20Site" mandatory="true" xpath="" itemType="Publication" dependencyType="Publication" /><tcccp:Dependency itemUrl="/webdav/Dynamic%20Delivery%20Example%20Site/Building%20Blocks/Content" mandatory="true" xpath="" itemType="Folder" dependencyType="OrganizationalItemFolder" /><tcccp:Dependency itemUrl="/webdav/Dynamic%20Delivery%20Example%20Site/Building%20Blocks/System/Schemas/Content/Article.xsd" mandatory="true" xpath="tcm:Data/tcm:Schema/@xlink:href" itemType="Schema" dependencyType="Schema" /><tcccp:Dependency itemUrl="/webdav/Dynamic%20Delivery%20Example%20Site/Building%20Blocks/Content/Dynamic%20Delivery%20released.xml" mandatory="true" xpath="tcm:Data/tcm:Content/*[1]/*[3]/*[1]/*[3]/@xlink:href" itemType="Component" dependencyType="LinkedComponent" /><tcccp:Dependency itemUrl="/webdav/Dynamic%20Delivery%20Example%20Site/Building%20Blocks/Content/Keyboard%20cross%20processed.jpg" mandatory="true" xpath="tcm:Data/tcm:Content/*[1]/*[3]/*[2]/*[2]/@xlink:href" itemType="Component" dependencyType="LinkedComponent" /><tcccp:Dependency itemUrl="/webdav/Dynamic%20Delivery%20Example%20Site/Building%20Blocks/Content/Keyboard%20cross%20processed.jpg" mandatory="true" xpath="tcm:Data/tcm:Content/*[1]/*[3]/*[3]/*[1]/@xlink:href" itemType="Component" dependencyType="LinkedComponent" /><tcccp:Dependency itemUrl="/webdav/Dynamic%20Delivery%20Example%20Site/Building%20Blocks/Content/Keyboard%20cross%20processed.jpg" mandatory="true" xpath="tcm:Data/tcm:Content/*[1]/*[3]/*[3]/*[2]/@xlink:href" itemType="Component" dependencyType="LinkedComponent" /><tcccp:Dependency itemUrl="/webdav/Dynamic%20Delivery%20Example%20Site/Building%20Blocks/Content/Keyboard%20cross%20processed.jpg" mandatory="true" xpath="tcm:Data/tcm:Content/*[1]/*[3]/*[3]/*[2]/*[1]/@xlink:href" itemType="Component" dependencyType="LinkedComponent" /><tcccp:Dependency itemUrl="tcm:0-0-0" itemType="ApprovalStatus" dependencyType="ApprovalStatus" mandatory="true" xpath="tcm:Data/tcm:ApprovalStatus/@xlink:href" /></tcccp:Dependencies></tcccp:Item>