<tcccp:Item xmlns:tcccp="http://www.tridion.com/ContentManager/5.2/ImportExport"><tcccp:BlueprintParentUrl></tcccp:BlueprintParentUrl><tcccp:PrimaryBlueprintParentUrl></tcccp:PrimaryBlueprintParentUrl><tcccp:BinaryFileLocation>C:\Program Files (x86)\Tridion\Content Porter\temp\rnq4mk1l.rt2\Binaries\0-200-1\200-116133.jpg</tcccp:BinaryFileLocation><tcm:Data xmlns:tcm="http://www.tridion.com/ContentManager/5.0"><tcm:Title>Keyboard cross processed</tcm:Title><tcm:Type>Multimedia</tcm:Type><tcm:Schema xmlns:xlink="http://www.w3.org/1999/xlink" xlink:type="simple" xlink:title="Default Multimedia Schema" xlink:href="/webdav/Dynamic%20Delivery%20Example%20Site/Building%20Blocks/Default%20Multimedia%20Schema.xsd" IsMandatory="false" /><tcm:Content /><tcm:Metadata /><tcm:ApprovalStatus xmlns:xlink="http://www.w3.org/1999/xlink" xlink:type="simple" xlink:title="Undefined" xlink:href="tcm:0-0-0" /><tcm:IsBasedOnTridionWebSchema>true</tcm:IsBasedOnTridionWebSchema><tcm:MultimediaType xmlns:xlink="http://www.w3.org/1999/xlink" xlink:type="simple" xlink:title="Jpeg image" xlink:href="tcm:0-2-65544" /><tcm:MultimediaFilename>keyboard_cross_processed.jpg</tcm:MultimediaFilename><tcm:MultimediaFileSize>58335</tcm:MultimediaFileSize><tcm:IsExternalMultimediaFile>false</tcm:IsExternalMultimediaFile></tcm:Data><tcccp:Dependencies><tcccp:Dependency itemUrl="/webdav/Dynamic%20Delivery%20Example%20Site" mandatory="true" xpath="" itemType="Publication" dependencyType="Publication" /><tcccp:Dependency itemUrl="/webdav/Dynamic%20Delivery%20Example%20Site/Building%20Blocks/Content" mandatory="true" xpath="" itemType="Folder" dependencyType="OrganizationalItemFolder" /><tcccp:Dependency itemUrl="/webdav/Dynamic%20Delivery%20Example%20Site/Building%20Blocks/Default%20Multimedia%20Schema.xsd" mandatory="true" xpath="tcm:Data/tcm:Schema/@xlink:href" itemType="Schema" dependencyType="Schema" /><tcccp:Dependency itemUrl="/webdav//Jpeg%20image.tmt" itemType="MultimediaType" dependencyType="MultimediaType" mandatory="true" xpath="tcm:Data/tcm:MultimediaType/@xlink:href" /><tcccp:Dependency itemUrl="tcm:0-0-0" itemType="ApprovalStatus" dependencyType="ApprovalStatus" mandatory="true" xpath="tcm:Data/tcm:ApprovalStatus/@xlink:href" /></tcccp:Dependencies></tcccp:Item>