<tcccp:Item xmlns:tcccp="http://www.tridion.com/ContentManager/5.2/ImportExport"><tcccp:BlueprintParentUrl></tcccp:BlueprintParentUrl><tcccp:PrimaryBlueprintParentUrl></tcccp:PrimaryBlueprintParentUrl><tcccp:BinaryFileLocation></tcccp:BinaryFileLocation><tcm:Data xmlns:tcm="http://www.tridion.com/ContentManager/5.0"><tcm:Title>Word document</tcm:Title><tcm:MIMEType>application/msword</tcm:MIMEType><tcm:FileExtensions><tcm:FileExtension>doc</tcm:FileExtension><tcm:FileExtension>docx</tcm:FileExtension></tcm:FileExtensions></tcm:Data><tcccp:Dependencies /></tcccp:Item>