<?xml version="1.0" encoding="utf-8"?><tcccp:Index version="3.0" automaticTrusteeId="3" xmlns:tcccp="http://www.tridion.com/ContentManager/5.2/ImportExport"><tcccp:Item title="Dynamic%20Delivery" type="Publication" subtype="0" extension="" uri="0-65-1" blueprintStatus="LocalItem" isExported="true" isSysItem="false"><tcccp:Item title="Building%20Blocks" type="Folder" subtype="0" extension="" uri="65-7811-2" blueprintStatus="LocalItem" isExported="true" isSysItem="false"><tcccp:Item title="Default%20Multimedia%20Schema" type="Schema" subtype="1" extension="xsd" uri="65-29874-8" blueprintStatus="LocalItem" isExported="true" isSysItem="true" /><tcccp:Item title="System" type="Folder" subtype="0" extension="" uri="65-7813-2" blueprintStatus="LocalItem" isExported="true" isSysItem="false"><tcccp:Item title="Default%20Templates" type="Folder" subtype="0" extension="" uri="65-7812-2" blueprintStatus="LocalItem" isExported="true" isSysItem="false"><tcccp:Item title="Default%20Template%20Building%20Block" type="TemplateBuildingBlock" subtype="0" extension="tbbcmp" uri="65-29868-2048" blueprintStatus="LocalItem" isExported="true" isSysItem="true" /><tcccp:Item title="Default%20Template%20Building%20Block%20Parameter%20Schema" type="Schema" subtype="6" extension="xsd" uri="65-29867-8" blueprintStatus="LocalItem" isExported="true" isSysItem="false" /><tcccp:Item title="Publish%20Binaries%20in%20Package" type="TemplateBuildingBlock" subtype="0" extension="tbbcs" uri="65-29858-2048" blueprintStatus="LocalItem" isExported="true" isSysItem="false" /><tcccp:Item title="Publish%20Binaries%20in%20Package%20Parameters%20Schema" type="Schema" subtype="6" extension="xsd" uri="65-29857-8" blueprintStatus="LocalItem" isExported="true" isSysItem="false" /><tcccp:Item title="Link%20Resolver" type="TemplateBuildingBlock" subtype="0" extension="tbbcs" uri="65-29860-2048" blueprintStatus="LocalItem" isExported="true" isSysItem="false" /><tcccp:Item title="Link%20Resolver%20Parameters%20Schema" type="Schema" subtype="6" extension="xsd" uri="65-29859-8" blueprintStatus="LocalItem" isExported="true" isSysItem="false" /><tcccp:Item title="Target%20Group%20Personalization" type="TemplateBuildingBlock" subtype="0" extension="tbbcs" uri="65-29861-2048" blueprintStatus="LocalItem" isExported="true" isSysItem="false" /><tcccp:Item title="Cleanup%20Template" type="TemplateBuildingBlock" subtype="0" extension="tbbcs" uri="65-29862-2048" blueprintStatus="LocalItem" isExported="true" isSysItem="false" /><tcccp:Item title="Convert%20Xml%20to%20Html" type="TemplateBuildingBlock" subtype="0" extension="tbbcs" uri="65-29864-2048" blueprintStatus="LocalItem" isExported="true" isSysItem="false" /><tcccp:Item title="Convert%20Xml%20to%20Html%20Parameters%20Schema" type="Schema" subtype="6" extension="xsd" uri="65-29863-8" blueprintStatus="LocalItem" isExported="true" isSysItem="false" /><tcccp:Item title="Default%20Component%20Template" type="ComponentTemplate" subtype="0" extension="tctcmp" uri="65-29873-32" blueprintStatus="LocalItem" isExported="true" isSysItem="false" /><tcccp:Item title="Default%20Finish%20Actions%20Parameter%20Schema" type="Schema" subtype="6" extension="xsd" uri="65-29865-8" blueprintStatus="LocalItem" isExported="true" isSysItem="false" /><tcccp:Item title="Dreamweaver%20Region%20Selection%20Parameter%20Schema" type="Schema" subtype="6" extension="xsd" uri="65-29869-8" blueprintStatus="LocalItem" isExported="true" isSysItem="false" /><tcccp:Item title="Default%20Dreamweaver%20Component%20Design" type="TemplateBuildingBlock" subtype="0" extension="dwt" uri="65-29870-2048" blueprintStatus="LocalItem" isExported="true" isSysItem="false" /><tcccp:Item title="Default%20Finish%20Actions" type="TemplateBuildingBlock" subtype="0" extension="tbbcmp" uri="65-29866-2048" blueprintStatus="LocalItem" isExported="true" isSysItem="false" /><tcccp:Item title="Default%20Page%20Template" type="PageTemplate" subtype="0" extension="tptcmp" uri="65-29872-128" blueprintStatus="LocalItem" isExported="true" isSysItem="false" /><tcccp:Item title="Extract%20Components%20from%20Page" type="TemplateBuildingBlock" subtype="0" extension="tbbcs" uri="65-29856-2048" blueprintStatus="LocalItem" isExported="true" isSysItem="false" /><tcccp:Item title="Default%20Dreamweaver%20Page%20Design" type="TemplateBuildingBlock" subtype="0" extension="dwt" uri="65-29871-2048" blueprintStatus="LocalItem" isExported="true" isSysItem="false" /></tcccp:Item><tcccp:Item title="Component%20Templates" type="Folder" subtype="0" extension="" uri="65-7818-2" blueprintStatus="LocalItem" isExported="true" isSysItem="false"><tcccp:Item title="Article%20(main)" type="ComponentTemplate" subtype="0" extension="tctcmp" uri="65-29917-32" blueprintStatus="LocalItem" isExported="true" isSysItem="true" /><tcccp:Item title="Article%20(side)" type="ComponentTemplate" subtype="0" extension="tctcmp" uri="65-29920-32" blueprintStatus="LocalItem" isExported="true" isSysItem="false" /><tcccp:Item title="News%20(main)" type="ComponentTemplate" subtype="0" extension="tctcmp" uri="65-29918-32" blueprintStatus="LocalItem" isExported="true" isSysItem="false" /><tcccp:Item title="News%20(side)" type="ComponentTemplate" subtype="0" extension="tctcmp" uri="65-29919-32" blueprintStatus="LocalItem" isExported="true" isSysItem="false" /></tcccp:Item><tcccp:Item title="Schemas" type="Folder" subtype="0" extension="" uri="65-7815-2" blueprintStatus="LocalItem" isExported="true" isSysItem="false"><tcccp:Item title="Article" type="Schema" subtype="0" extension="xsd" uri="65-29875-8" blueprintStatus="LocalItem" isExported="true" isSysItem="false" /><tcccp:Item title="Metadata" type="Folder" subtype="0" extension="" uri="65-7821-2" blueprintStatus="LocalItem" isExported="true" isSysItem="false"><tcccp:Item title="Component%20Template%20Metadata" type="Schema" subtype="3" extension="xsd" uri="65-29910-8" blueprintStatus="LocalItem" isExported="true" isSysItem="false" /><tcccp:Item title="Page%20Template%20Metadata" type="Schema" subtype="3" extension="xsd" uri="65-29911-8" blueprintStatus="LocalItem" isExported="true" isSysItem="false" /></tcccp:Item><tcccp:Item title="Parameter" type="Folder" subtype="0" extension="" uri="65-7822-2" blueprintStatus="LocalItem" isExported="true" isSysItem="false"><tcccp:Item title="Dynamic%20Delivery%20Parameter%20Schema" type="Schema" subtype="6" extension="xsd" uri="65-29912-8" blueprintStatus="LocalItem" isExported="true" isSysItem="false" /></tcccp:Item><tcccp:Item title="News" type="Schema" subtype="0" extension="xsd" uri="65-29876-8" blueprintStatus="LocalItem" isExported="true" isSysItem="false" /></tcccp:Item><tcccp:Item title="Template%20Building%20Blocks" type="Folder" subtype="0" extension="" uri="65-7817-2" blueprintStatus="LocalItem" isExported="true" isSysItem="false"><tcccp:Item title="Dynamic%20Delivery" type="Folder" subtype="0" extension="" uri="65-7820-2" blueprintStatus="LocalItem" isExported="true" isSysItem="false"><tcccp:Item title="Generate%20dynamic%20component" type="TemplateBuildingBlock" subtype="0" extension="tbbcs" uri="65-29909-2048" blueprintStatus="LocalItem" isExported="true" isSysItem="false" /><tcccp:Item title="Tridion%2EExtensions%2EDynamicDelivery%2ETemplates" type="TemplateBuildingBlock" subtype="0" extension="tbbasm" uri="65-29901-2048" blueprintStatus="LocalItem" isExported="true" isSysItem="false" /><tcccp:Item title="Publish%20binaries%20for%20component" type="TemplateBuildingBlock" subtype="0" extension="tbbcs" uri="65-29908-2048" blueprintStatus="LocalItem" isExported="true" isSysItem="false" /><tcccp:Item title="Add%20inherited%20metadata%20to%20component" type="TemplateBuildingBlock" subtype="0" extension="tbbcs" uri="65-29903-2048" blueprintStatus="LocalItem" isExported="true" isSysItem="false" /><tcccp:Item title="Convert%20to%20lower%20case" type="TemplateBuildingBlock" subtype="0" extension="tbbcs" uri="65-29902-2048" blueprintStatus="LocalItem" isExported="true" isSysItem="false" /><tcccp:Item title="Convert%20XML%20to%20Java" type="TemplateBuildingBlock" subtype="0" extension="tbbcs" uri="65-29905-2048" blueprintStatus="LocalItem" isExported="true" isSysItem="false" /><tcccp:Item title="Generate%20dynamic%20page" type="TemplateBuildingBlock" subtype="0" extension="tbbcs" uri="65-29906-2048" blueprintStatus="LocalItem" isExported="true" isSysItem="false" /><tcccp:Item title="Add%20inherited%20metadata%20to%20page" type="TemplateBuildingBlock" subtype="0" extension="tbbcs" uri="65-29907-2048" blueprintStatus="LocalItem" isExported="true" isSysItem="false" /><tcccp:Item title="Publish%20binaries%20for%20page" type="TemplateBuildingBlock" subtype="0" extension="tbbcs" uri="65-29904-2048" blueprintStatus="LocalItem" isExported="true" isSysItem="false" /><tcccp:Item title="Convert%20component%20to%20JSON" type="TemplateBuildingBlock" subtype="0" extension="tbbcs" uri="65-29915-2048" blueprintStatus="LocalItem" isExported="true" isSysItem="false" /><tcccp:Item title="Format%20JSON" type="TemplateBuildingBlock" subtype="0" extension="tbbcs" uri="65-29916-2048" blueprintStatus="LocalItem" isExported="true" isSysItem="false" /></tcccp:Item></tcccp:Item><tcccp:Item title="Page%20Templates" type="Folder" subtype="0" extension="" uri="65-7816-2" blueprintStatus="LocalItem" isExported="true" isSysItem="false"><tcccp:Item title="Example%20page%20template" type="PageTemplate" subtype="0" extension="tptcmp" uri="65-29913-128" blueprintStatus="LocalItem" isExported="true" isSysItem="true" /></tcccp:Item></tcccp:Item><tcccp:Item title="Content" type="Folder" subtype="0" extension="" uri="65-7814-2" blueprintStatus="LocalItem" isExported="true" isSysItem="false"><tcccp:Item title="Dynamic%20Delivery%20released" type="Component" subtype="0" extension="xml" uri="65-29879" blueprintStatus="LocalItem" isExported="true" isSysItem="false" /><tcccp:Item title="Homepage%20article" type="Component" subtype="0" extension="xml" uri="65-29878" blueprintStatus="LocalItem" isExported="true" isSysItem="false" /><tcccp:Item title="Keyboard%20cross%20processed" type="Component" subtype="1" extension="jpg" uri="65-29877" blueprintStatus="LocalItem" isExported="true" isSysItem="false" /></tcccp:Item></tcccp:Item><tcccp:Item title="Root" type="StructureGroup" subtype="0" extension="" uri="65-7819-4" blueprintStatus="LocalItem" isExported="true" isSysItem="false"><tcccp:Item title="Homepage" type="Page" subtype="0" extension="tpg" uri="65-29914-64" blueprintStatus="LocalItem" isExported="true" isSysItem="false" /><tcccp:Item title="Newspage" type="Page" subtype="0" extension="tpg" uri="65-29921-64" blueprintStatus="LocalItem" isExported="true" isSysItem="false" /></tcccp:Item></tcccp:Item><tcccp:Item title="System%20Administration" type="VirtualItemSystemAdministration" subtype="0" extension="" uri="0-0-0" blueprintStatus="LocalItem" isExported="false" isSysItem="false"><tcccp:Item title="Content%20Configuration" type="VirtualItemContentConfiguration" subtype="0" extension="" uri="0-0-0" blueprintStatus="LocalItem" isExported="false" isSysItem="false"><tcccp:Item title="Multimedia%20Types" type="VirtualItemMultimediaTypes" subtype="0" extension="" uri="0-0-0" blueprintStatus="LocalItem" isExported="false" isSysItem="false"><tcccp:Item title="Gif%20image" type="MultimediaType" subtype="0" extension="tmt" uri="0-1-65544" blueprintStatus="LocalItem" isExported="true" isSysItem="false" /><tcccp:Item title="Jpeg%20image" type="MultimediaType" subtype="0" extension="tmt" uri="0-2-65544" blueprintStatus="LocalItem" isExported="true" isSysItem="false" /><tcccp:Item title="Png%20image" type="MultimediaType" subtype="0" extension="tmt" uri="0-3-65544" blueprintStatus="LocalItem" isExported="true" isSysItem="false" /><tcccp:Item title="Word%20document" type="MultimediaType" subtype="0" extension="tmt" uri="0-4-65544" blueprintStatus="LocalItem" isExported="true" isSysItem="false" /><tcccp:Item title="Excel%20sheet" type="MultimediaType" subtype="0" extension="tmt" uri="0-5-65544" blueprintStatus="LocalItem" isExported="true" isSysItem="false" /><tcccp:Item title="Powerpoint%20presentation" type="MultimediaType" subtype="0" extension="tmt" uri="0-6-65544" blueprintStatus="LocalItem" isExported="true" isSysItem="false" /><tcccp:Item title="Pdf%20document" type="MultimediaType" subtype="0" extension="tmt" uri="0-7-65544" blueprintStatus="LocalItem" isExported="true" isSysItem="false" /><tcccp:Item title="Sound%20file" type="MultimediaType" subtype="0" extension="tmt" uri="0-8-65544" blueprintStatus="LocalItem" isExported="true" isSysItem="false" /><tcccp:Item title="Plain%20text" type="MultimediaType" subtype="0" extension="tmt" uri="0-9-65544" blueprintStatus="LocalItem" isExported="true" isSysItem="false" /><tcccp:Item title="Rich%20text" type="MultimediaType" subtype="0" extension="tmt" uri="0-10-65544" blueprintStatus="LocalItem" isExported="true" isSysItem="false" /><tcccp:Item title="Executable" type="MultimediaType" subtype="0" extension="tmt" uri="0-11-65544" blueprintStatus="LocalItem" isExported="true" isSysItem="false" /><tcccp:Item title="MSAccess%20database" type="MultimediaType" subtype="0" extension="tmt" uri="0-12-65544" blueprintStatus="LocalItem" isExported="true" isSysItem="false" /><tcccp:Item title="Bitmap%20image" type="MultimediaType" subtype="0" extension="tmt" uri="0-13-65544" blueprintStatus="LocalItem" isExported="true" isSysItem="false" /><tcccp:Item title="Real%20player" type="MultimediaType" subtype="0" extension="tmt" uri="0-14-65544" blueprintStatus="LocalItem" isExported="true" isSysItem="false" /><tcccp:Item title="QuickTime%20movie" type="MultimediaType" subtype="0" extension="tmt" uri="0-15-65544" blueprintStatus="LocalItem" isExported="true" isSysItem="false" /><tcccp:Item title="Mp3%20music" type="MultimediaType" subtype="0" extension="tmt" uri="0-16-65544" blueprintStatus="LocalItem" isExported="true" isSysItem="false" /><tcccp:Item title="Mpeg%20video" type="MultimediaType" subtype="0" extension="tmt" uri="0-17-65544" blueprintStatus="LocalItem" isExported="true" isSysItem="false" /><tcccp:Item title="Flash%20file" type="MultimediaType" subtype="0" extension="tmt" uri="0-18-65544" blueprintStatus="LocalItem" isExported="true" isSysItem="false" /><tcccp:Item title="Cascading%20style%20sheet" type="MultimediaType" subtype="0" extension="tmt" uri="0-19-65544" blueprintStatus="LocalItem" isExported="true" isSysItem="false" /><tcccp:Item title="Java%20script" type="MultimediaType" subtype="0" extension="tmt" uri="0-20-65544" blueprintStatus="LocalItem" isExported="true" isSysItem="false" /><tcccp:Item title="Configuration%20settings" type="MultimediaType" subtype="0" extension="tmt" uri="0-21-65544" blueprintStatus="LocalItem" isExported="true" isSysItem="false" /><tcccp:Item title="Zip" type="MultimediaType" subtype="0" extension="tmt" uri="0-22-65544" blueprintStatus="LocalItem" isExported="true" isSysItem="false" /></tcccp:Item></tcccp:Item></tcccp:Item></tcccp:Index>