<?xml version="1.0" encoding="utf-8"?><tcccp:Mappings version="3.0" xmlns:tcccp="http://www.tridion.com/ContentManager/5.2/ImportExport"><tcccp:ItemSet role="Component"><tcccp:Mapping exportContext="/Dynamic%20Delivery/Building%20Blocks/Content" exportTitle="Dynamic%20Delivery%20released.xml" importContext="" importTitle="" /><tcccp:Mapping exportContext="/Dynamic%20Delivery/Building%20Blocks/Content" exportTitle="Homepage%20article.xml" importContext="" importTitle="" /><tcccp:Mapping exportContext="/Dynamic%20Delivery/Building%20Blocks/Content" exportTitle="Keyboard%20cross%20processed.jpg" importContext="" importTitle="" /></tcccp:ItemSet><tcccp:ItemSet role="ComponentTemplate"><tcccp:Mapping exportContext="/Dynamic%20Delivery/Building%20Blocks/System/Component%20Templates" exportTitle="Article%20(main).tctcmp" importContext="" importTitle="" /><tcccp:Mapping exportContext="/Dynamic%20Delivery/Building%20Blocks/System/Component%20Templates" exportTitle="Article%20(side).tctcmp" importContext="" importTitle="" /><tcccp:Mapping exportContext="/Dynamic%20Delivery/Building%20Blocks/System/Component%20Templates" exportTitle="News%20(main).tctcmp" importContext="" importTitle="" /><tcccp:Mapping exportContext="/Dynamic%20Delivery/Building%20Blocks/System/Component%20Templates" exportTitle="News%20(side).tctcmp" importContext="" importTitle="" /><tcccp:Mapping exportContext="/Dynamic%20Delivery/Building%20Blocks/System/Default%20Templates" exportTitle="Default%20Component%20Template.tctcmp" importContext="" importTitle="" /></tcccp:ItemSet><tcccp:ItemSet role="Folder"><tcccp:Mapping exportContext="/Dynamic%20Delivery" exportTitle="Building%20Blocks" importContext="" importTitle="" /><tcccp:Mapping exportContext="/Dynamic%20Delivery/Building%20Blocks" exportTitle="Content" importContext="" importTitle="" /><tcccp:Mapping exportContext="/Dynamic%20Delivery/Building%20Blocks" exportTitle="System" importContext="" importTitle="" /><tcccp:Mapping exportContext="/Dynamic%20Delivery/Building%20Blocks/System" exportTitle="Component%20Templates" importContext="" importTitle="" /><tcccp:Mapping exportContext="/Dynamic%20Delivery/Building%20Blocks/System" exportTitle="Default%20Templates" importContext="" importTitle="" /><tcccp:Mapping exportContext="/Dynamic%20Delivery/Building%20Blocks/System" exportTitle="Page%20Templates" importContext="" importTitle="" /><tcccp:Mapping exportContext="/Dynamic%20Delivery/Building%20Blocks/System" exportTitle="Schemas" importContext="" importTitle="" /><tcccp:Mapping exportContext="/Dynamic%20Delivery/Building%20Blocks/System/Schemas" exportTitle="Metadata" importContext="" importTitle="" /><tcccp:Mapping exportContext="/Dynamic%20Delivery/Building%20Blocks/System/Schemas" exportTitle="Parameter" importContext="" importTitle="" /><tcccp:Mapping exportContext="/Dynamic%20Delivery/Building%20Blocks/System" exportTitle="Template%20Building%20Blocks" importContext="" importTitle="" /><tcccp:Mapping exportContext="/Dynamic%20Delivery/Building%20Blocks/System/Template%20Building%20Blocks" exportTitle="Dynamic%20Delivery" importContext="" importTitle="" /></tcccp:ItemSet><tcccp:ItemSet role="MultimediaType"><tcccp:Mapping exportContext="/" exportTitle="Bitmap%20image.tmt" importContext="/" importTitle="" /><tcccp:Mapping exportContext="/" exportTitle="Cascading%20style%20sheet.tmt" importContext="/" importTitle="" /><tcccp:Mapping exportContext="/" exportTitle="Configuration%20settings.tmt" importContext="/" importTitle="" /><tcccp:Mapping exportContext="/" exportTitle="Excel%20sheet.tmt" importContext="/" importTitle="" /><tcccp:Mapping exportContext="/" exportTitle="Executable.tmt" importContext="/" importTitle="" /><tcccp:Mapping exportContext="/" exportTitle="Flash%20file.tmt" importContext="/" importTitle="" /><tcccp:Mapping exportContext="/" exportTitle="Gif%20image.tmt" importContext="/" importTitle="" /><tcccp:Mapping exportContext="/" exportTitle="Java%20script.tmt" importContext="/" importTitle="" /><tcccp:Mapping exportContext="/" exportTitle="Jpeg%20image.tmt" importContext="/" importTitle="" /><tcccp:Mapping exportContext="/" exportTitle="Mp3%20music.tmt" importContext="/" importTitle="" /><tcccp:Mapping exportContext="/" exportTitle="Mpeg%20video.tmt" importContext="/" importTitle="" /><tcccp:Mapping exportContext="/" exportTitle="MSAccess%20database.tmt" importContext="/" importTitle="" /><tcccp:Mapping exportContext="/" exportTitle="Pdf%20document.tmt" importContext="/" importTitle="" /><tcccp:Mapping exportContext="/" exportTitle="Plain%20text.tmt" importContext="/" importTitle="" /><tcccp:Mapping exportContext="/" exportTitle="Png%20image.tmt" importContext="/" importTitle="" /><tcccp:Mapping exportContext="/" exportTitle="Powerpoint%20presentation.tmt" importContext="/" importTitle="" /><tcccp:Mapping exportContext="/" exportTitle="QuickTime%20movie.tmt" importContext="/" importTitle="" /><tcccp:Mapping exportContext="/" exportTitle="Real%20player.tmt" importContext="/" importTitle="" /><tcccp:Mapping exportContext="/" exportTitle="Rich%20text.tmt" importContext="/" importTitle="" /><tcccp:Mapping exportContext="/" exportTitle="Sound%20file.tmt" importContext="/" importTitle="" /><tcccp:Mapping exportContext="/" exportTitle="Word%20document.tmt" importContext="/" importTitle="" /><tcccp:Mapping exportContext="/" exportTitle="Zip.tmt" importContext="/" importTitle="" /></tcccp:ItemSet><tcccp:ItemSet role="Page"><tcccp:Mapping exportContext="/Dynamic%20Delivery/Root" exportTitle="Homepage.tpg" importContext="" importTitle="" /><tcccp:Mapping exportContext="/Dynamic%20Delivery/Root" exportTitle="Newspage.tpg" importContext="" importTitle="" /></tcccp:ItemSet><tcccp:ItemSet role="PageTemplate"><tcccp:Mapping exportContext="/Dynamic%20Delivery/Building%20Blocks/System/Default%20Templates" exportTitle="Default%20Page%20Template.tptcmp" importContext="" importTitle="" /><tcccp:Mapping exportContext="/Dynamic%20Delivery/Building%20Blocks/System/Page%20Templates" exportTitle="Example%20page%20template.tptcmp" importContext="" importTitle="" /></tcccp:ItemSet><tcccp:ItemSet role="Publication"><tcccp:Mapping exportContext="" exportTitle="Dynamic%20Delivery" importContext="" importTitle="" /></tcccp:ItemSet><tcccp:ItemSet role="Schema"><tcccp:Mapping exportContext="/Dynamic%20Delivery/Building%20Blocks" exportTitle="Default%20Multimedia%20Schema.xsd" importContext="" importTitle="" /><tcccp:Mapping exportContext="/Dynamic%20Delivery/Building%20Blocks/System/Default%20Templates" exportTitle="Convert%20Xml%20to%20Html%20Parameters%20Schema.xsd" importContext="" importTitle="" /><tcccp:Mapping exportContext="/Dynamic%20Delivery/Building%20Blocks/System/Default%20Templates" exportTitle="Default%20Finish%20Actions%20Parameter%20Schema.xsd" importContext="" importTitle="" /><tcccp:Mapping exportContext="/Dynamic%20Delivery/Building%20Blocks/System/Default%20Templates" exportTitle="Default%20Template%20Building%20Block%20Parameter%20Schema.xsd" importContext="" importTitle="" /><tcccp:Mapping exportContext="/Dynamic%20Delivery/Building%20Blocks/System/Default%20Templates" exportTitle="Dreamweaver%20Region%20Selection%20Parameter%20Schema.xsd" importContext="" importTitle="" /><tcccp:Mapping exportContext="/Dynamic%20Delivery/Building%20Blocks/System/Default%20Templates" exportTitle="Link%20Resolver%20Parameters%20Schema.xsd" importContext="" importTitle="" /><tcccp:Mapping exportContext="/Dynamic%20Delivery/Building%20Blocks/System/Default%20Templates" exportTitle="Publish%20Binaries%20in%20Package%20Parameters%20Schema.xsd" importContext="" importTitle="" /><tcccp:Mapping exportContext="/Dynamic%20Delivery/Building%20Blocks/System/Schemas" exportTitle="Article.xsd" importContext="" importTitle="" /><tcccp:Mapping exportContext="/Dynamic%20Delivery/Building%20Blocks/System/Schemas/Metadata" exportTitle="Component%20Template%20Metadata.xsd" importContext="" importTitle="" /><tcccp:Mapping exportContext="/Dynamic%20Delivery/Building%20Blocks/System/Schemas/Metadata" exportTitle="Page%20Template%20Metadata.xsd" importContext="" importTitle="" /><tcccp:Mapping exportContext="/Dynamic%20Delivery/Building%20Blocks/System/Schemas" exportTitle="News.xsd" importContext="" importTitle="" /><tcccp:Mapping exportContext="/Dynamic%20Delivery/Building%20Blocks/System/Schemas/Parameter" exportTitle="Dynamic%20Delivery%20Parameter%20Schema.xsd" importContext="" importTitle="" /></tcccp:ItemSet><tcccp:ItemSet role="StructureGroup"><tcccp:Mapping exportContext="/Dynamic%20Delivery" exportTitle="Root" importContext="" importTitle="" /></tcccp:ItemSet><tcccp:ItemSet role="TemplateBuildingBlock"><tcccp:Mapping exportContext="/Dynamic%20Delivery/Building%20Blocks/System/Default%20Templates" exportTitle="Cleanup%20Template.tbbcs" importContext="" importTitle="" /><tcccp:Mapping exportContext="/Dynamic%20Delivery/Building%20Blocks/System/Default%20Templates" exportTitle="Convert%20Xml%20to%20Html.tbbcs" importContext="" importTitle="" /><tcccp:Mapping exportContext="/Dynamic%20Delivery/Building%20Blocks/System/Default%20Templates" exportTitle="Default%20Dreamweaver%20Component%20Design.dwt" importContext="" importTitle="" /><tcccp:Mapping exportContext="/Dynamic%20Delivery/Building%20Blocks/System/Default%20Templates" exportTitle="Default%20Dreamweaver%20Page%20Design.dwt" importContext="" importTitle="" /><tcccp:Mapping exportContext="/Dynamic%20Delivery/Building%20Blocks/System/Default%20Templates" exportTitle="Default%20Finish%20Actions.tbbcmp" importContext="" importTitle="" /><tcccp:Mapping exportContext="/Dynamic%20Delivery/Building%20Blocks/System/Default%20Templates" exportTitle="Default%20Template%20Building%20Block.tbbcmp" importContext="" importTitle="" /><tcccp:Mapping exportContext="/Dynamic%20Delivery/Building%20Blocks/System/Default%20Templates" exportTitle="Extract%20Components%20from%20Page.tbbcs" importContext="" importTitle="" /><tcccp:Mapping exportContext="/Dynamic%20Delivery/Building%20Blocks/System/Default%20Templates" exportTitle="Link%20Resolver.tbbcs" importContext="" importTitle="" /><tcccp:Mapping exportContext="/Dynamic%20Delivery/Building%20Blocks/System/Default%20Templates" exportTitle="Publish%20Binaries%20in%20Package.tbbcs" importContext="" importTitle="" /><tcccp:Mapping exportContext="/Dynamic%20Delivery/Building%20Blocks/System/Default%20Templates" exportTitle="Target%20Group%20Personalization.tbbcs" importContext="" importTitle="" /><tcccp:Mapping exportContext="/Dynamic%20Delivery/Building%20Blocks/System/Template%20Building%20Blocks/Dynamic%20Delivery" exportTitle="Add%20inherited%20metadata%20to%20component.tbbcs" importContext="" importTitle="" /><tcccp:Mapping exportContext="/Dynamic%20Delivery/Building%20Blocks/System/Template%20Building%20Blocks/Dynamic%20Delivery" exportTitle="Add%20inherited%20metadata%20to%20page.tbbcs" importContext="" importTitle="" /><tcccp:Mapping exportContext="/Dynamic%20Delivery/Building%20Blocks/System/Template%20Building%20Blocks/Dynamic%20Delivery" exportTitle="Convert%20component%20to%20JSON.tbbcs" importContext="" importTitle="" /><tcccp:Mapping exportContext="/Dynamic%20Delivery/Building%20Blocks/System/Template%20Building%20Blocks/Dynamic%20Delivery" exportTitle="Convert%20to%20lower%20case.tbbcs" importContext="" importTitle="" /><tcccp:Mapping exportContext="/Dynamic%20Delivery/Building%20Blocks/System/Template%20Building%20Blocks/Dynamic%20Delivery" exportTitle="Convert%20XML%20to%20Java.tbbcs" importContext="" importTitle="" /><tcccp:Mapping exportContext="/Dynamic%20Delivery/Building%20Blocks/System/Template%20Building%20Blocks/Dynamic%20Delivery" exportTitle="Format%20JSON.tbbcs" importContext="" importTitle="" /><tcccp:Mapping exportContext="/Dynamic%20Delivery/Building%20Blocks/System/Template%20Building%20Blocks/Dynamic%20Delivery" exportTitle="Generate%20dynamic%20component.tbbcs" importContext="" importTitle="" /><tcccp:Mapping exportContext="/Dynamic%20Delivery/Building%20Blocks/System/Template%20Building%20Blocks/Dynamic%20Delivery" exportTitle="Generate%20dynamic%20page.tbbcs" importContext="" importTitle="" /><tcccp:Mapping exportContext="/Dynamic%20Delivery/Building%20Blocks/System/Template%20Building%20Blocks/Dynamic%20Delivery" exportTitle="Publish%20binaries%20for%20component.tbbcs" importContext="" importTitle="" /><tcccp:Mapping exportContext="/Dynamic%20Delivery/Building%20Blocks/System/Template%20Building%20Blocks/Dynamic%20Delivery" exportTitle="Publish%20binaries%20for%20page.tbbcs" importContext="" importTitle="" /><tcccp:Mapping exportContext="/Dynamic%20Delivery/Building%20Blocks/System/Template%20Building%20Blocks/Dynamic%20Delivery" exportTitle="Tridion%2EExtensions%2EDynamicDelivery%2ETemplates.tbbasm" importContext="" importTitle="" /></tcccp:ItemSet><!-- Add a URI element for each URI you want to replace, e.g:
<tcccp:URIReplacements>
	<tcccp:URI source="tcm:69-735" destination="tcm:118-882" />
	<tcccp:URI source="tcm:69-231" destination="/webdav/Publication/Building%20Blocks/MyComponent.xml" />
</tcccp:URIReplacements>
--></tcccp:Mappings>