<PackageItem xmlns:tcm="http://www.tridion.com/ContentManager/5.0" xmlns:xlink="http://www.w3.org/1999/xlink" xmlns="http://www.sdltridion.com/ContentManager/ImportExport/Package/2013">
  <Data>
    <tcm:Data>
      <tcm:Title>Article (main)</tcm:Title>
      <tcm:Type>CompoundTemplate</tcm:Type>
      <tcm:Priority>200</tcm:Priority>
      <tcm:OutputFormat>HTML Fragment</tcm:OutputFormat>
      <tcm:Content>
        <tcm:PublisherScript>&lt;CompoundTemplate xmlns="http://www.tridion.com/ContentManager/5.3/CompoundTemplate"&gt;
  &lt;TemplateInvocation&gt;
    &lt;Template xlink:href="/webdav/Dynamic%20Delivery%20Example%20Site/Building%20Blocks/System/Template%20Building%20Blocks/DD4T%20Publishing/Generate%20dynamic%20component.tbbcs" xmlns:xlink="http://www.w3.org/1999/xlink" xlink:title="Generate dynamic component" /&gt;
    &lt;TemplateParameters&gt;
      &lt;Parameters xmlns="DD4T.Templates.Schemas.DynamicDeliveryParameters"&gt;
        &lt;MergeAction&gt;Merge&lt;/MergeAction&gt;
        &lt;LinkLevels&gt;1&lt;/LinkLevels&gt;
        &lt;ResolveWidthAndHeight&gt;yes&lt;/ResolveWidthAndHeight&gt;
      &lt;/Parameters&gt;
    &lt;/TemplateParameters&gt;
  &lt;/TemplateInvocation&gt;
  &lt;TemplateInvocation&gt;
    &lt;Template xlink:href="/webdav/Dynamic%20Delivery%20Example%20Site/Building%20Blocks/System/Template%20Building%20Blocks/DD4T%20Publishing/Publish%20binaries%20for%20component.tbbcs" xmlns:xlink="http://www.w3.org/1999/xlink" xlink:title="Publish binaries for component" /&gt;
    &lt;TemplateParameters&gt;
      &lt;Parameters xmlns="DD4T.Templates.Schemas.DynamicDeliveryParameters" /&gt;
    &lt;/TemplateParameters&gt;
  &lt;/TemplateInvocation&gt;
  &lt;TemplateInvocation&gt;
    &lt;Template xlink:href="/webdav/Dynamic%20Delivery%20Example%20Site/Building%20Blocks/System/Template%20Building%20Blocks/DD4T%20Publishing/Add%20inherited%20metadata%20to%20component.tbbcs" xmlns:xlink="http://www.w3.org/1999/xlink" xlink:title="Add inherited metadata to component" /&gt;
    &lt;TemplateParameters&gt;
      &lt;Parameters xmlns="DD4T.Templates.Schemas.DynamicDeliveryParameters" /&gt;
    &lt;/TemplateParameters&gt;
  &lt;/TemplateInvocation&gt;
  &lt;TemplateInvocation&gt;
    &lt;Template xlink:href="/webdav/Dynamic%20Delivery%20Example%20Site/Building%20Blocks/System/Template%20Building%20Blocks/DD4T%20Publishing/Convert%20XML%20to%20Java.tbbcs" xmlns:xlink="http://www.w3.org/1999/xlink" xlink:title="Convert XML to Java" /&gt;
    &lt;TemplateParameters&gt;&lt;/TemplateParameters&gt;
  &lt;/TemplateInvocation&gt;
  &lt;TemplateInvocation&gt;
    &lt;Template xlink:href="/webdav/Dynamic%20Delivery%20Example%20Site/Building%20Blocks/System/Template%20Building%20Blocks/DD4T%20Publishing/Minimize%20XML.tbbcs" xmlns:xlink="http://www.w3.org/1999/xlink" xlink:title="Minimize XML" /&gt;
    &lt;TemplateParameters&gt;&lt;/TemplateParameters&gt;
  &lt;/TemplateInvocation&gt;
&lt;/CompoundTemplate&gt;</tcm:PublisherScript>
        <tcm:DynamicTemplate />
      </tcm:Content>
      <tcm:AllowOnPage>true</tcm:AllowOnPage>
      <tcm:IsRepositoryPublishable>false</tcm:IsRepositoryPublishable>
      <tcm:RelatedSchemas>
        <tcm:RelatedSchema xlink:type="simple" xlink:title="Article" xlink:href="/webdav/Dynamic%20Delivery%20Example%20Site/Building%20Blocks/System/Schemas/Content/Article.xsd" />
      </tcm:RelatedSchemas>
      <tcm:TrackingCategories />
      <tcm:MetadataSchema xlink:type="simple" xlink:title="Component Template Metadata" xlink:href="/webdav/Dynamic%20Delivery%20Example%20Site/Building%20Blocks/System/Schemas/Metadata/Component%20Template%20Metadata.xsd" />
      <tcm:ParameterSchema xlink:type="simple" xlink:title="Generate dynamic component" xlink:href="/webdav/Dynamic%20Delivery%20Example%20Site/Building%20Blocks/System/Template%20Building%20Blocks/DD4T%20Publishing/Generate%20dynamic%20component.xsd" />
      <tcm:Metadata>
        <Metadata xmlns="uuid:6c26b684-6f42-4fa1-8fd8-d88db7518a53">
          <region>main</region>
          <view>article-main</view>
        </Metadata>
      </tcm:Metadata>
    </tcm:Data>
  </Data>
  <Dependencies>
    <Dependency dependencyType="Publication" itemUrl="/webdav/Dynamic%20Delivery%20Example%20Site" linkName="LocationInfo/ContextRepository" />
    <Dependency dependencyType="OrganizationalItemFolder" itemUrl="/webdav/Dynamic%20Delivery%20Example%20Site/Building%20Blocks/System/Component%20Templates" linkName="LocationInfo/OrganizationalItem" />
    <Dependency dependencyType="ComponentTemplateAllowedSchema" itemUrl="/webdav/Dynamic%20Delivery%20Example%20Site/Building%20Blocks/System/Schemas/Content/Article.xsd" linkName="RelatedSchemas[0]" />
    <Dependency dependencyType="MetadataSchema" itemUrl="/webdav/Dynamic%20Delivery%20Example%20Site/Building%20Blocks/System/Schemas/Metadata/Component%20Template%20Metadata.xsd" linkName="MetadataSchema" />
    <Dependency dependencyType="ParameterSchema" itemUrl="/webdav/Dynamic%20Delivery%20Example%20Site/Building%20Blocks/System/Template%20Building%20Blocks/DD4T%20Publishing/Generate%20dynamic%20component.xsd" linkName="ParameterSchema" />
    <Dependency dependencyType="TemplateLinkedItem" itemUrl="/webdav/Dynamic%20Delivery%20Example%20Site/Building%20Blocks/System/Template%20Building%20Blocks/DD4T%20Publishing/Generate%20dynamic%20component.tbbcs" linkName="ExtractedReferences[0]" />
    <Dependency dependencyType="TemplateLinkedItem" itemUrl="/webdav/Dynamic%20Delivery%20Example%20Site/Building%20Blocks/System/Template%20Building%20Blocks/DD4T%20Publishing/Publish%20binaries%20for%20component.tbbcs" linkName="ExtractedReferences[1]" />
    <Dependency dependencyType="TemplateLinkedItem" itemUrl="/webdav/Dynamic%20Delivery%20Example%20Site/Building%20Blocks/System/Template%20Building%20Blocks/DD4T%20Publishing/Add%20inherited%20metadata%20to%20component.tbbcs" linkName="ExtractedReferences[2]" />
    <Dependency dependencyType="TemplateLinkedItem" itemUrl="/webdav/Dynamic%20Delivery%20Example%20Site/Building%20Blocks/System/Template%20Building%20Blocks/DD4T%20Publishing/Convert%20XML%20to%20Java.tbbcs" linkName="ExtractedReferences[3]" />
    <Dependency dependencyType="TemplateLinkedItem" itemUrl="/webdav/Dynamic%20Delivery%20Example%20Site/Building%20Blocks/System/Template%20Building%20Blocks/DD4T%20Publishing/Minimize%20XML.tbbcs" linkName="ExtractedReferences[4]" />
  </Dependencies>
</PackageItem>