<?xml version="1.0" encoding="utf-8"?><tcccp:Index version="3.2" automaticTrusteeId="3" xmlns:tcccp="http://www.tridion.com/ContentManager/5.2/ImportExport"><tcccp:Item title="Dynamic%20Delivery%20Example%20Site" type="Publication" subtype="0" extension="" uri="0-200-1" blueprintStatus="LocalItem" isExported="true" isSysItem="false" selection="ItemAndAllChildren"><tcccp:Item title="Building%20Blocks" type="Folder" subtype="0" extension="" uri="200-24140-2" blueprintStatus="LocalItem" isExported="true" isSysItem="false" selection="None"><tcccp:Item title="Default%20Multimedia%20Schema" type="Schema" subtype="1" extension="xsd" uri="200-116104-8" blueprintStatus="LocalItem" isExported="true" isSysItem="true" selection="None" /><tcccp:Item title="System" type="Folder" subtype="0" extension="" uri="200-24142-2" blueprintStatus="LocalItem" isExported="true" isSysItem="false" selection="None"><tcccp:Item title="Template%20Building%20Blocks" type="Folder" subtype="0" extension="" uri="200-24148-2" blueprintStatus="LocalItem" isExported="true" isSysItem="false" selection="None"><tcccp:Item title="DD4T%20Publishing" type="Folder" subtype="0" extension="" uri="200-24155-2" blueprintStatus="LocalItem" isExported="true" isSysItem="false" selection="None"><tcccp:Item title="DD4T%2ETemplates%2Emerged" type="TemplateBuildingBlock" subtype="0" extension="tbbasm" uri="200-116149-2048" blueprintStatus="LocalItem" isExported="true" isSysItem="true" selection="None" /><tcccp:Item title="Generate%20dynamic%20page" type="Schema" subtype="6" extension="xsd" uri="200-116148-8" blueprintStatus="LocalItem" isExported="true" isSysItem="false" selection="None" /><tcccp:Item title="Generate%20dynamic%20component" type="Schema" subtype="6" extension="xsd" uri="200-116150-8" blueprintStatus="LocalItem" isExported="true" isSysItem="false" selection="None" /><tcccp:Item title="Generate%20dynamic%20component" type="TemplateBuildingBlock" subtype="0" extension="tbbcs" uri="200-116151-2048" blueprintStatus="LocalItem" isExported="true" isSysItem="false" selection="None" /><tcccp:Item title="Publish%20binaries%20for%20component" type="TemplateBuildingBlock" subtype="0" extension="tbbcs" uri="200-116157-2048" blueprintStatus="LocalItem" isExported="true" isSysItem="false" selection="None" /><tcccp:Item title="Publish%20binaries%20for%20component" type="Schema" subtype="6" extension="xsd" uri="200-116156-8" blueprintStatus="LocalItem" isExported="true" isSysItem="false" selection="None" /><tcccp:Item title="Add%20inherited%20metadata%20to%20component" type="TemplateBuildingBlock" subtype="0" extension="tbbcs" uri="200-116165-2048" blueprintStatus="LocalItem" isExported="true" isSysItem="false" selection="None" /><tcccp:Item title="Add%20inherited%20metadata%20to%20component" type="Schema" subtype="6" extension="xsd" uri="200-116164-8" blueprintStatus="LocalItem" isExported="true" isSysItem="false" selection="None" /><tcccp:Item title="Convert%20XML%20to%20Java" type="TemplateBuildingBlock" subtype="0" extension="tbbcs" uri="200-116159-2048" blueprintStatus="LocalItem" isExported="true" isSysItem="false" selection="None" /><tcccp:Item title="Minimize%20XML" type="TemplateBuildingBlock" subtype="0" extension="tbbcs" uri="200-116160-2048" blueprintStatus="LocalItem" isExported="true" isSysItem="false" selection="None" /><tcccp:Item title="Generate%20dynamic%20page" type="TemplateBuildingBlock" subtype="0" extension="tbbcs" uri="200-116163-2048" blueprintStatus="LocalItem" isExported="true" isSysItem="false" selection="None" /><tcccp:Item title="Add%20inherited%20metadata%20to%20page" type="TemplateBuildingBlock" subtype="0" extension="tbbcs" uri="200-116162-2048" blueprintStatus="LocalItem" isExported="true" isSysItem="false" selection="None" /><tcccp:Item title="Add%20inherited%20metadata%20to%20page" type="Schema" subtype="6" extension="xsd" uri="200-116161-8" blueprintStatus="LocalItem" isExported="true" isSysItem="false" selection="None" /><tcccp:Item title="Publish%20binaries%20for%20page" type="TemplateBuildingBlock" subtype="0" extension="tbbcs" uri="200-116155-2048" blueprintStatus="LocalItem" isExported="true" isSysItem="false" selection="None" /><tcccp:Item title="Publish%20binaries%20for%20page" type="Schema" subtype="6" extension="xsd" uri="200-116154-8" blueprintStatus="LocalItem" isExported="true" isSysItem="false" selection="None" /><tcccp:Item title="Convert%20to%20lower%20case" type="TemplateBuildingBlock" subtype="0" extension="tbbcs" uri="200-116153-2048" blueprintStatus="LocalItem" isExported="true" isSysItem="false" selection="None" /><tcccp:Item title="Generate%20Resources" type="TemplateBuildingBlock" subtype="0" extension="tbbcs" uri="200-116152-2048" blueprintStatus="LocalItem" isExported="true" isSysItem="false" selection="None" /><tcccp:Item title="Preview%20page" type="TemplateBuildingBlock" subtype="0" extension="tbbcs" uri="200-116158-2048" blueprintStatus="LocalItem" isExported="true" isSysItem="false" selection="None" /></tcccp:Item></tcccp:Item><tcccp:Item title="Component%20Templates" type="Folder" subtype="0" extension="" uri="200-24144-2" blueprintStatus="LocalItem" isExported="true" isSysItem="false" selection="None"><tcccp:Item title="Article%20(main)" type="ComponentTemplate" subtype="0" extension="tctcmp" uri="200-116103-32" blueprintStatus="LocalItem" isExported="true" isSysItem="true" selection="None" /><tcccp:Item title="Article%20(side)" type="ComponentTemplate" subtype="0" extension="tctcmp" uri="200-116136-32" blueprintStatus="LocalItem" isExported="true" isSysItem="false" selection="None" /><tcccp:Item title="News%20(main)" type="ComponentTemplate" subtype="0" extension="tctcmp" uri="200-116137-32" blueprintStatus="LocalItem" isExported="true" isSysItem="false" selection="None" /><tcccp:Item title="News%20(side)" type="ComponentTemplate" subtype="0" extension="tctcmp" uri="200-116138-32" blueprintStatus="LocalItem" isExported="true" isSysItem="false" selection="None" /><tcccp:Item title="Newslist%20(side)" type="ComponentTemplate" subtype="0" extension="tctcmp" uri="200-116167-32" blueprintStatus="LocalItem" isExported="true" isSysItem="false" selection="None" /></tcccp:Item><tcccp:Item title="Schemas" type="Folder" subtype="0" extension="" uri="200-24145-2" blueprintStatus="LocalItem" isExported="true" isSysItem="false" selection="None"><tcccp:Item title="Content" type="Folder" subtype="0" extension="" uri="200-24153-2" blueprintStatus="LocalItem" isExported="true" isSysItem="false" selection="None"><tcccp:Item title="Article" type="Schema" subtype="0" extension="xsd" uri="200-116119-8" blueprintStatus="LocalItem" isExported="true" isSysItem="false" selection="None" /><tcccp:Item title="News" type="Schema" subtype="0" extension="xsd" uri="200-116120-8" blueprintStatus="LocalItem" isExported="true" isSysItem="false" selection="None" /></tcccp:Item><tcccp:Item title="Metadata" type="Folder" subtype="0" extension="" uri="200-24146-2" blueprintStatus="LocalItem" isExported="true" isSysItem="false" selection="None"><tcccp:Item title="Component%20Template%20Metadata" type="Schema" subtype="3" extension="xsd" uri="200-116121-8" blueprintStatus="LocalItem" isExported="true" isSysItem="false" selection="None" /><tcccp:Item title="Page%20Template%20Metadata" type="Schema" subtype="3" extension="xsd" uri="200-116122-8" blueprintStatus="LocalItem" isExported="true" isSysItem="false" selection="None" /></tcccp:Item><tcccp:Item title="Application" type="Folder" subtype="0" extension="" uri="200-24156-2" blueprintStatus="LocalItem" isExported="true" isSysItem="false" selection="None"><tcccp:Item title="newslist" type="Schema" subtype="0" extension="xsd" uri="200-116166-8" blueprintStatus="LocalItem" isExported="true" isSysItem="false" selection="None" /></tcccp:Item><tcccp:Item title="Parameter" type="Folder" subtype="0" extension="" uri="200-24147-2" blueprintStatus="LocalItem" isExported="true" isSysItem="false" selection="None"><tcccp:Item title="Dynamic%20Delivery%20Parameter%20Schema" type="Schema" subtype="6" extension="xsd" uri="200-116123-8" blueprintStatus="LocalItem" isExported="true" isSysItem="false" selection="None" /></tcccp:Item></tcccp:Item><tcccp:Item title="Page%20Templates" type="Folder" subtype="0" extension="" uri="200-24150-2" blueprintStatus="LocalItem" isExported="true" isSysItem="false" selection="None"><tcccp:Item title="Example%20page%20template" type="PageTemplate" subtype="0" extension="tptcmp" uri="200-116102-128" blueprintStatus="LocalItem" isExported="true" isSysItem="true" selection="None" /></tcccp:Item></tcccp:Item><tcccp:Item title="Default%20Templates" type="Folder" subtype="0" extension="" uri="200-24143-2" blueprintStatus="LocalItem" isExported="true" isSysItem="false" selection="None"><tcccp:Item title="Default%20Component%20Template" type="ComponentTemplate" subtype="0" extension="tctcmp" uri="200-116108-32" blueprintStatus="LocalItem" isExported="true" isSysItem="false" selection="None" /><tcccp:Item title="Default%20Dreamweaver%20Component%20Design" type="TemplateBuildingBlock" subtype="0" extension="dwt" uri="200-116116-2048" blueprintStatus="LocalItem" isExported="true" isSysItem="false" selection="None" /><tcccp:Item title="Dreamweaver%20Region%20Selection%20Parameter%20Schema" type="Schema" subtype="6" extension="xsd" uri="200-116117-8" blueprintStatus="LocalItem" isExported="true" isSysItem="false" selection="None" /><tcccp:Item title="Default%20Finish%20Actions" type="TemplateBuildingBlock" subtype="0" extension="tbbcmp" uri="200-116107-2048" blueprintStatus="LocalItem" isExported="true" isSysItem="false" selection="None" /><tcccp:Item title="Default%20Finish%20Actions%20Parameter%20Schema" type="Schema" subtype="6" extension="xsd" uri="200-116118-8" blueprintStatus="LocalItem" isExported="true" isSysItem="false" selection="None" /><tcccp:Item title="Publish%20Binaries%20in%20Package" type="TemplateBuildingBlock" subtype="0" extension="tbbcs" uri="200-116106-2048" blueprintStatus="LocalItem" isExported="true" isSysItem="false" selection="None" /><tcccp:Item title="Publish%20Binaries%20in%20Package%20Parameters%20Schema" type="Schema" subtype="6" extension="xsd" uri="200-116109-8" blueprintStatus="LocalItem" isExported="true" isSysItem="false" selection="None" /><tcccp:Item title="Link%20Resolver" type="TemplateBuildingBlock" subtype="0" extension="tbbcs" uri="200-116110-2048" blueprintStatus="LocalItem" isExported="true" isSysItem="false" selection="None" /><tcccp:Item title="Link%20Resolver%20Parameters%20Schema" type="Schema" subtype="6" extension="xsd" uri="200-116111-8" blueprintStatus="LocalItem" isExported="true" isSysItem="false" selection="None" /><tcccp:Item title="Target%20Group%20Personalization" type="TemplateBuildingBlock" subtype="0" extension="tbbcs" uri="200-116112-2048" blueprintStatus="LocalItem" isExported="true" isSysItem="false" selection="None" /><tcccp:Item title="Cleanup%20Template" type="TemplateBuildingBlock" subtype="0" extension="tbbcs" uri="200-116113-2048" blueprintStatus="LocalItem" isExported="true" isSysItem="false" selection="None" /><tcccp:Item title="Convert%20Xml%20to%20Html" type="TemplateBuildingBlock" subtype="0" extension="tbbcs" uri="200-116114-2048" blueprintStatus="LocalItem" isExported="true" isSysItem="false" selection="None" /><tcccp:Item title="Convert%20Xml%20to%20Html%20Parameters%20Schema" type="Schema" subtype="6" extension="xsd" uri="200-116115-8" blueprintStatus="LocalItem" isExported="true" isSysItem="false" selection="None" /><tcccp:Item title="Default%20Template%20Building%20Block%20Parameter%20Schema" type="Schema" subtype="6" extension="xsd" uri="200-116105-8" blueprintStatus="LocalItem" isExported="true" isSysItem="false" selection="None" /><tcccp:Item title="Default%20Template%20Building%20Block" type="TemplateBuildingBlock" subtype="0" extension="tbbcmp" uri="200-116098-2048" blueprintStatus="LocalItem" isExported="true" isSysItem="false" selection="None" /></tcccp:Item><tcccp:Item title="Content" type="Folder" subtype="0" extension="" uri="200-24151-2" blueprintStatus="LocalItem" isExported="true" isSysItem="false" selection="None"><tcccp:Item title="Dynamic%20Delivery%20released" type="Component" subtype="0" extension="xml" uri="200-116135" blueprintStatus="LocalItem" isExported="true" isSysItem="false" selection="None" /><tcccp:Item title="Homepage%20article" type="Component" subtype="0" extension="xml" uri="200-116134" blueprintStatus="LocalItem" isExported="true" isSysItem="false" selection="None" /><tcccp:Item title="Keyboard%20cross%20processed" type="Component" subtype="1" extension="jpg" uri="200-116133" blueprintStatus="LocalItem" isExported="true" isSysItem="false" selection="None" /><tcccp:Item title="Latest%20News%20Application" type="Component" subtype="0" extension="xml" uri="200-116168" blueprintStatus="LocalItem" isExported="true" isSysItem="false" selection="None" /><tcccp:Item title="Quickstart%20for%20DD4T%20updated" type="Component" subtype="0" extension="xml" uri="200-116146" blueprintStatus="LocalItem" isExported="true" isSysItem="false" selection="None" /></tcccp:Item></tcccp:Item><tcccp:Item title="Root" type="StructureGroup" subtype="0" extension="" uri="200-24152-4" blueprintStatus="LocalItem" isExported="true" isSysItem="false" selection="None"><tcccp:Item title="news" type="StructureGroup" subtype="0" extension="" uri="200-24154-4" blueprintStatus="LocalItem" isExported="true" isSysItem="false" selection="None"><tcccp:Item title="Dynamic%20Delivery%20released" type="Page" subtype="0" extension="tpg" uri="200-116145-64" blueprintStatus="LocalItem" isExported="true" isSysItem="false" selection="None" /><tcccp:Item title="Quickstart%20updated" type="Page" subtype="0" extension="tpg" uri="200-116147-64" blueprintStatus="LocalItem" isExported="true" isSysItem="false" selection="None" /></tcccp:Item><tcccp:Item title="Homepage" type="Page" subtype="0" extension="tpg" uri="200-116144-64" blueprintStatus="LocalItem" isExported="true" isSysItem="false" selection="None" /></tcccp:Item></tcccp:Item><tcccp:Item title="System%20Administration" type="VirtualItemSystemAdministration" subtype="0" extension="" uri="0-0-0" blueprintStatus="LocalItem" isExported="false" isSysItem="false" selection="None"><tcccp:Item title="Content%20Configuration" type="VirtualItemContentConfiguration" subtype="0" extension="" uri="0-0-0" blueprintStatus="LocalItem" isExported="false" isSysItem="false" selection="None"><tcccp:Item title="Multimedia%20Types" type="VirtualItemMultimediaTypes" subtype="0" extension="" uri="0-0-0" blueprintStatus="LocalItem" isExported="false" isSysItem="false" selection="None"><tcccp:Item title="Gif%20image" type="MultimediaType" subtype="0" extension="tmt" uri="0-1-65544" blueprintStatus="LocalItem" isExported="true" isSysItem="false" selection="None" /><tcccp:Item title="Jpeg%20image" type="MultimediaType" subtype="0" extension="tmt" uri="0-2-65544" blueprintStatus="LocalItem" isExported="true" isSysItem="false" selection="None" /><tcccp:Item title="Png%20image" type="MultimediaType" subtype="0" extension="tmt" uri="0-3-65544" blueprintStatus="LocalItem" isExported="true" isSysItem="false" selection="None" /><tcccp:Item title="Word%20document" type="MultimediaType" subtype="0" extension="tmt" uri="0-4-65544" blueprintStatus="LocalItem" isExported="true" isSysItem="false" selection="None" /><tcccp:Item title="Excel%20sheet" type="MultimediaType" subtype="0" extension="tmt" uri="0-5-65544" blueprintStatus="LocalItem" isExported="true" isSysItem="false" selection="None" /><tcccp:Item title="Powerpoint%20presentation" type="MultimediaType" subtype="0" extension="tmt" uri="0-6-65544" blueprintStatus="LocalItem" isExported="true" isSysItem="false" selection="None" /><tcccp:Item title="Pdf%20document" type="MultimediaType" subtype="0" extension="tmt" uri="0-7-65544" blueprintStatus="LocalItem" isExported="true" isSysItem="false" selection="None" /><tcccp:Item title="Sound%20file" type="MultimediaType" subtype="0" extension="tmt" uri="0-8-65544" blueprintStatus="LocalItem" isExported="true" isSysItem="false" selection="None" /><tcccp:Item title="Plain%20text" type="MultimediaType" subtype="0" extension="tmt" uri="0-9-65544" blueprintStatus="LocalItem" isExported="true" isSysItem="false" selection="None" /><tcccp:Item title="Rich%20text" type="MultimediaType" subtype="0" extension="tmt" uri="0-10-65544" blueprintStatus="LocalItem" isExported="true" isSysItem="false" selection="None" /><tcccp:Item title="Executable" type="MultimediaType" subtype="0" extension="tmt" uri="0-11-65544" blueprintStatus="LocalItem" isExported="true" isSysItem="false" selection="None" /><tcccp:Item title="MSAccess%20database" type="MultimediaType" subtype="0" extension="tmt" uri="0-12-65544" blueprintStatus="LocalItem" isExported="true" isSysItem="false" selection="None" /><tcccp:Item title="Bitmap%20image" type="MultimediaType" subtype="0" extension="tmt" uri="0-13-65544" blueprintStatus="LocalItem" isExported="true" isSysItem="false" selection="None" /><tcccp:Item title="Real%20player" type="MultimediaType" subtype="0" extension="tmt" uri="0-14-65544" blueprintStatus="LocalItem" isExported="true" isSysItem="false" selection="None" /><tcccp:Item title="QuickTime%20movie" type="MultimediaType" subtype="0" extension="tmt" uri="0-15-65544" blueprintStatus="LocalItem" isExported="true" isSysItem="false" selection="None" /><tcccp:Item title="Mp3%20music" type="MultimediaType" subtype="0" extension="tmt" uri="0-16-65544" blueprintStatus="LocalItem" isExported="true" isSysItem="false" selection="None" /><tcccp:Item title="Mpeg%20video" type="MultimediaType" subtype="0" extension="tmt" uri="0-17-65544" blueprintStatus="LocalItem" isExported="true" isSysItem="false" selection="None" /><tcccp:Item title="Flash%20file" type="MultimediaType" subtype="0" extension="tmt" uri="0-18-65544" blueprintStatus="LocalItem" isExported="true" isSysItem="false" selection="None" /><tcccp:Item title="Java%20script" type="MultimediaType" subtype="0" extension="tmt" uri="0-20-65544" blueprintStatus="LocalItem" isExported="true" isSysItem="false" selection="None" /><tcccp:Item title="Configuration%20settings" type="MultimediaType" subtype="0" extension="tmt" uri="0-21-65544" blueprintStatus="LocalItem" isExported="true" isSysItem="false" selection="None" /><tcccp:Item title="Zip" type="MultimediaType" subtype="0" extension="tmt" uri="0-22-65544" blueprintStatus="LocalItem" isExported="true" isSysItem="false" selection="None" /></tcccp:Item></tcccp:Item></tcccp:Item></tcccp:Index>