<tcccp:Item xmlns:tcccp="http://www.tridion.com/ContentManager/5.2/ImportExport"><tcccp:BlueprintParentUrl></tcccp:BlueprintParentUrl><tcccp:PrimaryBlueprintParentUrl></tcccp:PrimaryBlueprintParentUrl><tcccp:BinaryFileLocation></tcccp:BinaryFileLocation><tcm:Data xmlns:tcm="http://www.tridion.com/ContentManager/5.0"><tcm:Title>Quickstart for DD4T updated</tcm:Title><tcm:Type>Normal</tcm:Type><tcm:Schema xmlns:xlink="http://www.w3.org/1999/xlink" xlink:type="simple" xlink:title="News" xlink:href="/webdav/Dynamic%20Delivery%20Example%20Site/Building%20Blocks/System/Schemas/Content/News.xsd" IsMandatory="false" /><tcm:Content><Content xmlns="uuid:e805fbeb-6e65-4d2e-83f4-03feeb5164fa"><title>Quickstart for DD4T updated</title><image xlink:type="simple" xlink:href="/webdav/Dynamic%20Delivery%20Example%20Site/Building%20Blocks/Content/Keyboard%20cross%20processed.jpg" xmlns:xlink="http://www.w3.org/1999/xlink" xlink:title="Keyboard cross processed" /><paragraph>Just before the 2013 release, the Java version of DD4T has been updated and cleaned up to support all SDL Tridion 2011 versions (GA, HR1, Sp1 and Sp1-hr1).
<br xmlns="http://www.w3.org/1999/xhtml" /></paragraph></Content></tcm:Content><tcm:Metadata /><tcm:ApprovalStatus xmlns:xlink="http://www.w3.org/1999/xlink" xlink:type="simple" xlink:title="Undefined" xlink:href="tcm:0-0-0" /><tcm:IsBasedOnTridionWebSchema>true</tcm:IsBasedOnTridionWebSchema><tcm:MultimediaType xmlns:xlink="http://www.w3.org/1999/xlink" xlink:type="simple" xlink:title="" xlink:href="tcm:0-0-0" /></tcm:Data><tcccp:Dependencies><tcccp:Dependency itemUrl="/webdav/Dynamic%20Delivery%20Example%20Site" mandatory="true" xpath="" itemType="Publication" dependencyType="Publication" /><tcccp:Dependency itemUrl="/webdav/Dynamic%20Delivery%20Example%20Site/Building%20Blocks/Content" mandatory="true" xpath="" itemType="Folder" dependencyType="OrganizationalItemFolder" /><tcccp:Dependency itemUrl="/webdav/Dynamic%20Delivery%20Example%20Site/Building%20Blocks/System/Schemas/Content/News.xsd" mandatory="true" xpath="tcm:Data/tcm:Schema/@xlink:href" itemType="Schema" dependencyType="Schema" /><tcccp:Dependency itemUrl="/webdav/Dynamic%20Delivery%20Example%20Site/Building%20Blocks/Content/Keyboard%20cross%20processed.jpg" mandatory="true" xpath="tcm:Data/tcm:Content/*[1]/*[2]/@xlink:href" itemType="Component" dependencyType="LinkedComponent" /><tcccp:Dependency itemUrl="tcm:0-0-0" itemType="ApprovalStatus" dependencyType="ApprovalStatus" mandatory="true" xpath="tcm:Data/tcm:ApprovalStatus/@xlink:href" /></tcccp:Dependencies></tcccp:Item>