<tcccp:Item xmlns:tcccp="http://www.tridion.com/ContentManager/5.2/ImportExport"><tcccp:BlueprintParentUrl></tcccp:BlueprintParentUrl><tcccp:PrimaryBlueprintParentUrl></tcccp:PrimaryBlueprintParentUrl><tcccp:BinaryFileLocation></tcccp:BinaryFileLocation><tcm:Data xmlns:tcm="http://www.tridion.com/ContentManager/5.0"><tcm:Title>Homepage article</tcm:Title><tcm:Type>Normal</tcm:Type><tcm:Schema xmlns:xlink="http://www.w3.org/1999/xlink" xlink:type="simple" xlink:title="Article" xlink:href="/webdav/Dynamic%20Delivery/Building%20Blocks/System/Schemas/Article.xsd" IsMandatory="false" /><tcm:Content><Content xmlns="uuid:755bc2b9-999f-44f4-a8d4-316dfa3621de"><title>Welcome to your first Dynamic Delivery website</title><introduction>Using dynamic delivery, you will be able to create dynamic, spring-based websites.</introduction><paragraph>Yeah!
<br xmlns="http://www.w3.org/1999/xhtml" /><br xmlns="http://www.w3.org/1999/xhtml" />
Link to <a title="Dynamic Delivery released" xlink:href="/webdav/Dynamic%20Delivery/Building%20Blocks/Content/Dynamic%20Delivery%20released.xml" xmlns="http://www.w3.org/1999/xhtml" xmlns:xlink="http://www.w3.org/1999/xlink" xlink:title="Dynamic Delivery released">newsitem</a>.
<br xmlns="http://www.w3.org/1999/xhtml" /><br xmlns="http://www.w3.org/1999/xhtml" />
 <a xlink:href="/webdav/Dynamic%20Delivery/Building%20Blocks/Content/Keyboard%20cross%20processed.jpg" class="figure" title="Keyboard cross processed" xmlns="http://www.w3.org/1999/xhtml" xmlns:xlink="http://www.w3.org/1999/xlink" xlink:title="Keyboard cross processed">Keyboard cross processed</a><br xmlns="http://www.w3.org/1999/xhtml" /></paragraph></Content></tcm:Content><tcm:Metadata /><tcm:ApprovalStatus xmlns:xlink="http://www.w3.org/1999/xlink" xlink:type="simple" xlink:title="Undefined" xlink:href="tcm:0-0-0" /><tcm:IsBasedOnTridionWebSchema>true</tcm:IsBasedOnTridionWebSchema><tcm:MultimediaType xmlns:xlink="http://www.w3.org/1999/xlink" xlink:type="simple" xlink:title="" xlink:href="tcm:0-0-0" /></tcm:Data><tcccp:Dependencies><tcccp:Dependency itemUrl="/webdav/Dynamic%20Delivery" mandatory="true" xpath="" itemType="Publication" dependencyType="Publication" /><tcccp:Dependency itemUrl="/webdav/Dynamic%20Delivery/Building%20Blocks/Content" mandatory="true" xpath="" itemType="Folder" dependencyType="OrganizationalItemFolder" /><tcccp:Dependency itemUrl="/webdav/Dynamic%20Delivery/Building%20Blocks/System/Schemas/Article.xsd" mandatory="true" xpath="tcm:Data/tcm:Schema/@xlink:href" itemType="Schema" dependencyType="Schema" /><tcccp:Dependency itemUrl="/webdav/Dynamic%20Delivery/Building%20Blocks/Content/Dynamic%20Delivery%20released.xml" mandatory="true" xpath="tcm:Data/tcm:Content/*[1]/*[3]/*[3]/@xlink:href" itemType="Component" dependencyType="LinkedComponent" /><tcccp:Dependency itemUrl="/webdav/Dynamic%20Delivery/Building%20Blocks/Content/Keyboard%20cross%20processed.jpg" mandatory="true" xpath="tcm:Data/tcm:Content/*[1]/*[3]/*[6]/@xlink:href" itemType="Component" dependencyType="LinkedComponent" /><tcccp:Dependency itemUrl="tcm:0-0-0" itemType="ApprovalStatus" dependencyType="ApprovalStatus" mandatory="true" xpath="tcm:Data/tcm:ApprovalStatus/@xlink:href" /></tcccp:Dependencies></tcccp:Item>