<PackageItem xmlns:tcm="http://www.tridion.com/ContentManager/5.0" xmlns:xlink="http://www.w3.org/1999/xlink" xmlns="http://www.sdltridion.com/ContentManager/ImportExport/Package/2013">
  <Data>
    <tcm:Data>
      <tcm:Title>Example page template</tcm:Title>
      <tcm:Type>CompoundTemplate</tcm:Type>
      <tcm:Content>
        <tcm:PublisherScript>&lt;CompoundTemplate xmlns="http://www.tridion.com/ContentManager/5.3/CompoundTemplate"&gt;
  &lt;TemplateInvocation&gt;
    &lt;Template xlink:href="/webdav/Dynamic%20Delivery%20Example%20Site/Building%20Blocks/System/Template%20Building%20Blocks/DD4T%20Publishing/Generate%20dynamic%20page.tbbcs" xmlns:xlink="http://www.w3.org/1999/xlink" xlink:title="Generate dynamic page" /&gt;
    &lt;TemplateParameters&gt;
      &lt;Parameters xmlns="DD4T.Templates.Schemas.DynamicDeliveryParameters"&gt;
        &lt;MergeAction&gt;Merge&lt;/MergeAction&gt;
        &lt;LinkLevels&gt;1&lt;/LinkLevels&gt;
        &lt;ResolveWidthAndHeight&gt;yes&lt;/ResolveWidthAndHeight&gt;
      &lt;/Parameters&gt;
    &lt;/TemplateParameters&gt;
  &lt;/TemplateInvocation&gt;
  &lt;TemplateInvocation&gt;
    &lt;Template xlink:href="/webdav/Dynamic%20Delivery%20Example%20Site/Building%20Blocks/System/Template%20Building%20Blocks/DD4T%20Publishing/Add%20inherited%20metadata%20to%20page.tbbcs" xmlns:xlink="http://www.w3.org/1999/xlink" xlink:title="Add inherited metadata to page" /&gt;
    &lt;TemplateParameters&gt;
      &lt;Parameters xmlns="DD4T.Templates.Schemas.DynamicDeliveryParameters" /&gt;
    &lt;/TemplateParameters&gt;
  &lt;/TemplateInvocation&gt;
  &lt;TemplateInvocation&gt;
    &lt;Template xlink:href="/webdav/Dynamic%20Delivery%20Example%20Site/Building%20Blocks/System/Template%20Building%20Blocks/DD4T%20Publishing/Publish%20binaries%20for%20page.tbbcs" xmlns:xlink="http://www.w3.org/1999/xlink" xlink:title="Publish binaries for page" /&gt;
    &lt;TemplateParameters&gt;
      &lt;Parameters xmlns="DD4T.Templates.Schemas.DynamicDeliveryParameters" /&gt;
    &lt;/TemplateParameters&gt;
  &lt;/TemplateInvocation&gt;
  &lt;TemplateInvocation&gt;
    &lt;Template xlink:href="/webdav/Dynamic%20Delivery%20Example%20Site/Building%20Blocks/System/Template%20Building%20Blocks/DD4T%20Publishing/Convert%20XML%20to%20Java.tbbcs" xmlns:xlink="http://www.w3.org/1999/xlink" xlink:title="Convert XML to Java" /&gt;
    &lt;TemplateParameters&gt;&lt;/TemplateParameters&gt;
  &lt;/TemplateInvocation&gt;
  &lt;TemplateInvocation&gt;
    &lt;Template xlink:href="/webdav/Dynamic%20Delivery%20Example%20Site/Building%20Blocks/System/Template%20Building%20Blocks/DD4T%20Publishing/Minimize%20XML.tbbcs" xmlns:xlink="http://www.w3.org/1999/xlink" xlink:title="Minimize XML" /&gt;
    &lt;TemplateParameters&gt;&lt;/TemplateParameters&gt;
  &lt;/TemplateInvocation&gt;
&lt;/CompoundTemplate&gt;</tcm:PublisherScript>
      </tcm:Content>
      <tcm:MetadataSchema xlink:type="simple" xlink:title="Page Template Metadata" xlink:href="/webdav/Dynamic%20Delivery%20Example%20Site/Building%20Blocks/System/Schemas/Metadata/Page%20Template%20Metadata.xsd" />
      <tcm:ParameterSchema xlink:type="simple" xlink:title="Generate dynamic page" xlink:href="/webdav/Dynamic%20Delivery%20Example%20Site/Building%20Blocks/System/Template%20Building%20Blocks/DD4T%20Publishing/Generate%20dynamic%20page.xsd" />
      <tcm:Metadata>
        <Metadata xmlns="uuid:6e348662-5bd6-4721-bbcd-a5ede828aca1">
          <view>examplePage</view>
        </Metadata>
      </tcm:Metadata>
      <tcm:FileExtension>html</tcm:FileExtension>
      <tcm:PageSchema xlink:type="simple" xlink:title="" xlink:href="tcm:0-0-0" />
    </tcm:Data>
  </Data>
  <Dependencies>
    <Dependency dependencyType="Publication" itemUrl="/webdav/Dynamic%20Delivery%20Example%20Site" linkName="LocationInfo/ContextRepository" />
    <Dependency dependencyType="OrganizationalItemFolder" itemUrl="/webdav/Dynamic%20Delivery%20Example%20Site/Building%20Blocks/System/Page%20Templates" linkName="LocationInfo/OrganizationalItem" />
    <Dependency dependencyType="MetadataSchema" itemUrl="/webdav/Dynamic%20Delivery%20Example%20Site/Building%20Blocks/System/Schemas/Metadata/Page%20Template%20Metadata.xsd" linkName="MetadataSchema" />
    <Dependency dependencyType="ParameterSchema" itemUrl="/webdav/Dynamic%20Delivery%20Example%20Site/Building%20Blocks/System/Template%20Building%20Blocks/DD4T%20Publishing/Generate%20dynamic%20page.xsd" linkName="ParameterSchema" />
    <Dependency dependencyType="TemplateLinkedItem" itemUrl="/webdav/Dynamic%20Delivery%20Example%20Site/Building%20Blocks/System/Template%20Building%20Blocks/DD4T%20Publishing/Convert%20XML%20to%20Java.tbbcs" linkName="ExtractedReferences[0]" />
    <Dependency dependencyType="TemplateLinkedItem" itemUrl="/webdav/Dynamic%20Delivery%20Example%20Site/Building%20Blocks/System/Template%20Building%20Blocks/DD4T%20Publishing/Minimize%20XML.tbbcs" linkName="ExtractedReferences[1]" />
    <Dependency dependencyType="TemplateLinkedItem" itemUrl="/webdav/Dynamic%20Delivery%20Example%20Site/Building%20Blocks/System/Template%20Building%20Blocks/DD4T%20Publishing/Generate%20dynamic%20page.tbbcs" linkName="ExtractedReferences[2]" />
    <Dependency dependencyType="TemplateLinkedItem" itemUrl="/webdav/Dynamic%20Delivery%20Example%20Site/Building%20Blocks/System/Template%20Building%20Blocks/DD4T%20Publishing/Add%20inherited%20metadata%20to%20page.tbbcs" linkName="ExtractedReferences[3]" />
    <Dependency dependencyType="TemplateLinkedItem" itemUrl="/webdav/Dynamic%20Delivery%20Example%20Site/Building%20Blocks/System/Template%20Building%20Blocks/DD4T%20Publishing/Publish%20binaries%20for%20page.tbbcs" linkName="ExtractedReferences[4]" />
  </Dependencies>
</PackageItem>