<tcccp:Item xmlns:tcccp="http://www.tridion.com/ContentManager/5.2/ImportExport"><tcccp:BlueprintParentUrl></tcccp:BlueprintParentUrl><tcccp:PrimaryBlueprintParentUrl></tcccp:PrimaryBlueprintParentUrl><tcccp:BinaryFileLocation></tcccp:BinaryFileLocation><tcm:Data xmlns:tcm="http://www.tridion.com/ContentManager/5.0"><tcm:Title>Jpeg image</tcm:Title><tcm:MIMEType>image/jpeg</tcm:MIMEType><tcm:FileExtensions><tcm:FileExtension>jpg</tcm:FileExtension><tcm:FileExtension>jpeg</tcm:FileExtension><tcm:FileExtension>jpe</tcm:FileExtension></tcm:FileExtensions></tcm:Data><tcccp:Dependencies /></tcccp:Item>